maintenance_order_id,notification_id,equipment_id,technician_id,order_date,maintenance_type,priority,status,labour_hours,downtime_hours,labour_cost,material_cost,total_cost
MO-00001,N-00001,EQ-0054,T-008,2024-10-21,Preventive,Medium,Completed,11.67,0.0,641.69,525.0,1166.69
MO-00002,N-00002,EQ-0033,T-015,2025-02-02,Preventive,Medium,Completed,5.76,0.0,316.71,285.0,601.71
MO-00003,N-00003,EQ-0064,T-004,2024-03-10,Preventive,Medium,Completed,6.86,0.0,377.32,3960.0,4337.32
MO-00004,N-00004,EQ-0041,T-021,2025-06-28,Preventive,Low,Completed,6.38,0.0,268.12,420.0,688.12
MO-00005,N-00005,EQ-0093,T-022,2025-12-31,Preventive,Low,Completed,2.86,0.0,91.54,570.0,661.54
MO-00006,N-00006,EQ-0082,T-005,2025-11-29,Corrective,Medium,Closed,2.34,14.13,128.45,610.0,738.45
MO-00007,N-00007,EQ-0001,T-013,2025-10-16,Preventive,Low,Completed,9.44,0.0,519.47,0.0,519.47
MO-00008,N-00008,EQ-0097,T-004,2025-02-24,Corrective,Medium,Open,4.75,7.7,261.42,1305.0,1566.42
MO-00009,N-00009,EQ-0046,T-009,2024-05-10,Preventive,Low,Completed,1.53,0.0,84.01,390.0,474.01
MO-00010,N-00010,EQ-0093,T-004,2024-04-19,Preventive,Low,Completed,2.31,0.0,126.83,225.0,351.83
MO-00011,N-00011,EQ-0010,T-012,2025-10-11,Preventive,High,Closed,2.79,0.0,89.12,214.0,303.12
MO-00012,N-00012,EQ-0064,T-004,2026-03-08,Corrective,Low,Completed,5.44,7.32,299.38,0.0,299.38
MO-00013,N-00013,EQ-0098,T-020,2024-05-03,Corrective,Medium,Completed,3.12,0.68,171.51,95.0,266.51
MO-00014,N-00014,EQ-0023,T-010,2024-03-29,Preventive,Medium,Completed,4.35,0.0,239.36,355.0,594.36
MO-00015,N-00015,EQ-0013,T-003,2026-04-22,Preventive,Medium,Completed,8.38,0.0,351.87,0.0,351.87
MO-00016,N-00016,EQ-0057,T-025,2024-11-01,Corrective,Medium,Closed,16.08,3.14,514.5,360.0,874.5
MO-00017,N-00017,EQ-0069,T-025,2024-05-13,Corrective,Medium,Completed,2.06,10.14,65.88,341.0,406.88
MO-00018,N-00018,EQ-0084,T-028,2025-11-19,Corrective,Medium,Completed,0.5,3.67,16.0,135.0,151.0
MO-00019,N-00019,EQ-0085,T-011,2026-02-19,Preventive,Medium,Completed,6.19,0.0,197.98,905.0,1102.98
MO-00020,N-00020,EQ-0031,T-010,2025-06-20,Preventive,Medium,Completed,2.45,0.0,134.63,0.0,134.63
MO-00021,N-00021,EQ-0026,T-027,2024-01-24,Preventive,Medium,Completed,1.31,0.0,41.81,3750.0,3791.81
MO-00022,N-00022,EQ-0066,T-004,2026-04-06,Preventive,Medium,Completed,5.06,0.0,278.52,555.0,833.52
MO-00023,N-00023,EQ-0075,T-017,2025-08-04,Corrective,Emergency,Open,9.27,7.99,509.97,420.0,929.97
MO-00024,N-00024,EQ-0096,T-026,2024-02-14,Corrective,Medium,Completed,3.16,3.44,173.87,875.0,1048.87
MO-00025,N-00025,EQ-0090,T-021,2025-07-12,Corrective,Low,Completed,1.81,4.51,76.13,480.0,556.13
MO-00026,N-00026,EQ-0043,T-007,2026-01-07,Preventive,Medium,Open,4.84,0.0,203.09,175.0,378.09
MO-00027,N-00027,EQ-0011,T-020,2024-12-02,Corrective,High,Completed,3.4,5.53,187.09,90.0,277.09
MO-00028,N-00028,EQ-0033,T-009,2026-03-23,Preventive,Medium,Completed,15.81,0.0,869.7,0.0,869.7
MO-00029,N-00029,EQ-0080,T-010,2025-06-20,Corrective,Medium,Completed,10.41,3.86,572.58,1955.0,2527.58
MO-00030,N-00030,EQ-0074,T-016,2024-04-04,Corrective,High,Completed,2.05,5.37,112.66,380.0,492.66
MO-00031,N-00031,EQ-0012,T-026,2025-01-16,Corrective,Medium,Completed,0.5,5.21,27.5,165.0,192.5
MO-00032,N-00032,EQ-0094,T-015,2025-03-16,Corrective,Medium,Completed,1.1,9.43,60.5,0.0,60.5
MO-00033,N-00033,EQ-0009,T-017,2025-06-06,Preventive,High,Completed,4.37,0.0,240.19,2500.0,2740.19
MO-00034,N-00034,EQ-0091,T-019,2026-06-17,Corrective,Medium,Completed,0.92,8.64,50.48,291.0,341.48
MO-00035,N-00035,EQ-0031,T-005,2025-11-07,Corrective,Low,Completed,4.1,1.78,225.66,404.0,629.66
MO-00036,N-00036,EQ-0010,T-005,2026-03-15,Preventive,Medium,Completed,3.98,0.0,219.02,0.0,219.02
MO-00037,N-00037,EQ-0085,T-021,2026-03-10,Corrective,Medium,Completed,5.0,1.89,210.2,0.0,210.2
MO-00038,N-00038,EQ-0080,T-027,2024-11-24,Corrective,High,Completed,1.73,3.85,55.47,324.0,379.47
MO-00039,N-00039,EQ-0052,T-028,2024-03-24,Preventive,Medium,Closed,10.04,0.0,321.3,85.0,406.3
MO-00040,N-00040,EQ-0098,T-019,2026-06-21,Preventive,Low,Completed,3.35,0.0,184.42,0.0,184.42
MO-00041,N-00041,EQ-0020,T-015,2024-11-05,Corrective,High,Completed,4.59,1.52,252.19,0.0,252.19
MO-00042,N-00042,EQ-0098,T-005,2024-06-19,Preventive,Medium,Open,0.75,0.0,41.07,0.0,41.07
MO-00043,N-00044,EQ-0091,T-012,2025-06-20,Corrective,Medium,Completed,3.48,4.09,111.32,665.0,776.32
MO-00044,N-00046,EQ-0041,T-018,2024-04-20,Preventive,Medium,Completed,7.94,0.0,333.42,805.0,1138.42
MO-00045,N-00047,EQ-0025,T-006,2024-10-30,Corrective,Low,Completed,4.56,7.47,145.92,690.0,835.92
MO-00046,N-00048,EQ-0096,T-010,2024-07-08,Corrective,Emergency,Completed,5.8,4.26,319.22,294.0,613.22
MO-00047,N-00049,EQ-0006,T-027,2025-12-28,Preventive,Medium,Completed,1.43,0.0,45.74,0.0,45.74
MO-00048,N-00050,EQ-0040,T-028,2025-02-21,Corrective,High,Completed,5.78,4.07,184.82,378.0,562.82
MO-00049,N-00051,EQ-0099,T-030,2026-02-11,Corrective,Medium,Completed,9.47,14.11,520.9,770.0,1290.9
MO-00050,N-00052,EQ-0042,T-005,2024-06-23,Corrective,Medium,Completed,1.62,9.31,89.09,755.0,844.09
MO-00051,N-00053,EQ-0088,T-007,2024-09-09,Corrective,High,Completed,8.85,5.58,371.88,280.0,651.88
MO-00052,N-00054,EQ-0003,T-026,2025-05-09,Preventive,Medium,Completed,4.64,0.0,255.22,615.0,870.22
MO-00053,N-00055,EQ-0032,T-014,2026-02-10,Preventive,Medium,Completed,5.66,0.0,181.12,350.0,531.12
MO-00054,N-00056,EQ-0029,T-004,2024-07-21,Preventive,Medium,Completed,3.78,0.0,207.85,480.0,687.85
MO-00055,N-00057,EQ-0029,T-030,2024-06-25,Corrective,Medium,Completed,3.24,5.86,178.14,398.0,576.14
MO-00056,N-00059,EQ-0069,T-028,2024-01-31,Corrective,Medium,Completed,6.74,8.01,215.71,4440.0,4655.71
MO-00057,N-00060,EQ-0017,T-026,2025-03-24,Preventive,Low,Completed,4.34,0.0,238.84,800.0,1038.84
MO-00058,N-00061,EQ-0083,T-017,2024-11-08,Corrective,Low,Completed,4.44,12.72,244.41,344.0,588.41
MO-00059,N-00062,EQ-0065,T-025,2025-11-16,Corrective,High,Completed,4.67,3.6,149.35,2815.0,2964.35
MO-00060,N-00063,EQ-0066,T-022,2026-05-14,Preventive,Medium,Completed,0.79,0.0,25.4,0.0,25.4
MO-00061,N-00064,EQ-0042,T-016,2024-08-23,Preventive,Medium,Completed,6.48,0.0,356.19,0.0,356.19
MO-00062,N-00065,EQ-0022,T-015,2025-07-02,Preventive,Medium,Closed,13.05,0.0,717.55,0.0,717.55
MO-00063,N-00066,EQ-0068,T-028,2024-01-25,Corrective,High,Completed,15.12,3.16,483.79,570.0,1053.79
MO-00064,N-00067,EQ-0093,T-002,2025-09-29,Corrective,High,Closed,2.19,7.46,91.79,285.0,376.79
MO-00065,N-00068,EQ-0009,T-020,2025-06-10,Preventive,Low,Open,2.39,0.0,131.66,0.0,131.66
MO-00066,N-00069,EQ-0022,T-013,2024-06-27,Corrective,Low,Completed,1.17,0.98,64.51,860.0,924.51
MO-00067,N-00070,EQ-0033,T-006,2026-06-04,Corrective,High,Completed,2.31,5.4,73.88,490.0,563.88
MO-00068,N-00071,EQ-0095,T-021,2026-02-14,Preventive,Medium,Completed,0.57,0.0,23.92,0.0,23.92
MO-00069,N-00072,EQ-0047,T-017,2025-02-19,Preventive,Medium,Completed,0.6,0.0,33.09,0.0,33.09
MO-00070,N-00073,EQ-0097,T-012,2024-03-12,Preventive,Medium,Completed,3.64,0.0,116.33,426.0,542.33
MO-00071,N-00074,EQ-0013,T-010,2025-01-17,Corrective,Medium,Closed,2.46,1.45,135.18,0.0,135.18
MO-00072,N-00075,EQ-0038,T-013,2025-12-23,Corrective,Medium,Completed,5.18,2.25,284.8,609.0,893.8
MO-00073,N-00077,EQ-0048,T-002,2026-05-25,Corrective,Medium,Closed,5.86,9.11,245.94,0.0,245.94
MO-00074,N-00079,EQ-0057,T-028,2024-09-21,Corrective,High,Closed,1.12,9.73,35.75,595.0,630.75
MO-00075,N-00080,EQ-0044,T-026,2025-10-05,Preventive,Medium,Completed,2.16,0.0,118.67,210.0,328.67
MO-00076,N-00081,EQ-0032,T-029,2024-05-25,Corrective,Low,Open,2.84,4.8,156.14,130.0,286.14
MO-00077,N-00082,EQ-0054,T-010,2025-08-27,Corrective,Medium,Closed,7.87,20.61,432.69,675.0,1107.69
MO-00078,N-00083,EQ-0018,T-029,2025-09-07,Corrective,High,Completed,3.16,6.63,173.95,0.0,173.95
MO-00079,N-00084,EQ-0049,T-025,2025-04-13,Corrective,High,Completed,2.81,14.4,89.95,704.0,793.95
MO-00080,N-00086,EQ-0035,T-007,2025-10-05,Corrective,Medium,Completed,4.29,6.06,180.35,221.0,401.35
MO-00081,N-00087,EQ-0029,T-022,2024-06-29,Corrective,Medium,Completed,2.76,7.06,88.33,150.0,238.33
MO-00082,N-00088,EQ-0043,T-022,2025-03-16,Preventive,Low,Completed,3.74,0.0,119.66,0.0,119.66
MO-00083,N-00089,EQ-0091,T-010,2025-11-18,Corrective,High,Completed,3.47,3.15,190.86,545.0,735.86
MO-00084,N-00090,EQ-0084,T-030,2026-04-09,Preventive,High,Completed,7.91,0.0,435.19,0.0,435.19
MO-00085,N-00091,EQ-0072,T-013,2024-07-27,Preventive,Low,Completed,9.72,0.0,534.39,2500.0,3034.39
MO-00086,N-00093,EQ-0077,T-013,2025-01-04,Preventive,Medium,Completed,2.35,0.0,129.06,0.0,129.06
MO-00087,N-00094,EQ-0097,T-021,2024-09-09,Preventive,Medium,Completed,1.31,0.0,54.94,0.0,54.94
MO-00088,N-00095,EQ-0058,T-006,2025-06-04,Preventive,Medium,Completed,0.5,0.0,16.0,0.0,16.0
MO-00089,N-00096,EQ-0057,T-030,2025-01-08,Corrective,Low,Completed,4.17,14.88,229.55,95.0,324.55
MO-00090,N-00097,EQ-0021,T-028,2024-06-07,Corrective,High,Completed,2.63,5.43,84.1,0.0,84.1
MO-00091,N-00098,EQ-0041,T-024,2026-02-12,Corrective,Emergency,Completed,5.53,0.5,232.42,870.0,1102.42
MO-00092,N-00099,EQ-0061,T-030,2024-04-30,Preventive,Medium,Completed,0.5,0.0,27.5,0.0,27.5
MO-00093,N-00100,EQ-0031,T-011,2025-04-05,Preventive,Medium,Completed,3.67,0.0,117.56,4230.0,4347.56
MO-00094,N-00102,EQ-0099,T-009,2024-07-21,Corrective,Low,Completed,1.11,7.65,60.81,240.0,300.81
MO-00095,N-00103,EQ-0023,T-026,2026-04-20,Preventive,Medium,Completed,2.94,0.0,161.8,90.0,251.8
MO-00096,N-00104,EQ-0087,T-008,2024-07-25,Preventive,Medium,Completed,3.04,0.0,167.04,570.0,737.04
MO-00097,N-00105,EQ-0054,T-025,2024-04-04,Corrective,Medium,Completed,4.72,5.15,150.94,55.0,205.94
MO-00098,N-00107,EQ-0009,T-019,2024-03-08,Corrective,Medium,Closed,7.62,1.53,419.22,0.0,419.22
MO-00099,N-00108,EQ-0017,T-014,2025-01-21,Corrective,High,Completed,3.04,3.55,97.31,226.0,323.31
MO-00100,N-00109,EQ-0057,T-005,2024-08-17,Preventive,Medium,Completed,1.91,0.0,104.87,0.0,104.87
MO-00101,N-00110,EQ-0041,T-028,2025-01-31,Corrective,Medium,Completed,8.54,1.79,273.13,2500.0,2773.13
MO-00102,N-00111,EQ-0065,T-013,2025-07-03,Preventive,Medium,Completed,1.13,0.0,62.33,0.0,62.33
MO-00103,N-00112,EQ-0015,T-001,2024-03-29,Corrective,Medium,Completed,5.77,3.97,317.39,160.0,477.39
MO-00104,N-00113,EQ-0076,T-030,2024-05-20,Preventive,Medium,Completed,4.85,0.0,266.96,300.0,566.96
MO-00105,N-00114,EQ-0035,T-018,2025-08-08,Preventive,Medium,Completed,2.23,0.0,93.74,380.0,473.74
MO-00106,N-00115,EQ-0055,T-011,2024-03-17,Preventive,Medium,Completed,1.25,0.0,40.03,0.0,40.03
MO-00107,N-00116,EQ-0023,T-020,2024-04-06,Preventive,High,Completed,2.6,0.0,142.94,0.0,142.94
MO-00108,N-00117,EQ-0085,T-025,2024-04-04,Preventive,Medium,Closed,6.65,0.0,212.91,520.0,732.91
MO-00109,N-00118,EQ-0015,T-011,2025-10-26,Preventive,Medium,Completed,10.01,0.0,320.41,0.0,320.41
MO-00110,N-00119,EQ-0033,T-026,2025-02-06,Preventive,Medium,Completed,0.58,0.0,31.94,0.0,31.94
MO-00111,N-00120,EQ-0058,T-007,2025-02-19,Corrective,High,Closed,4.78,2.06,200.83,0.0,200.83
MO-00112,N-00121,EQ-0091,T-019,2024-08-03,Preventive,High,Completed,1.29,0.0,71.03,410.0,481.03
MO-00113,N-00122,EQ-0073,T-006,2025-04-12,Corrective,Low,Completed,10.98,12.75,351.34,0.0,351.34
MO-00114,N-00123,EQ-0086,T-030,2025-12-19,Preventive,Low,Completed,2.17,0.0,119.36,285.0,404.36
MO-00115,N-00124,EQ-0076,T-009,2024-05-08,Corrective,Medium,Completed,2.71,3.52,148.94,0.0,148.94
MO-00116,N-00125,EQ-0019,T-013,2025-09-21,Corrective,High,Completed,7.02,15.83,385.98,170.0,555.98
MO-00117,N-00126,EQ-0025,T-026,2024-11-03,Corrective,Medium,Completed,1.44,3.01,78.97,4195.0,4273.97
MO-00118,N-00127,EQ-0077,T-003,2025-12-22,Preventive,Low,Completed,8.55,0.0,359.1,630.0,989.1
MO-00119,N-00128,EQ-0052,T-002,2024-10-22,Corrective,Low,Closed,5.89,3.31,247.52,600.0,847.52
MO-00120,N-00130,EQ-0023,T-021,2024-06-21,Corrective,Emergency,Completed,12.78,10.3,536.67,595.0,1131.67
MO-00121,N-00131,EQ-0027,T-005,2024-07-15,Preventive,High,Completed,3.04,0.0,167.11,805.0,972.11
MO-00122,N-00132,EQ-0035,T-001,2025-04-26,Preventive,Medium,Closed,1.37,0.0,75.4,360.0,435.4
MO-00123,N-00133,EQ-0004,T-002,2024-11-18,Corrective,Medium,Completed,8.09,2.08,339.94,285.0,624.94
MO-00124,N-00134,EQ-0078,T-025,2024-03-05,Preventive,Low,Completed,10.65,0.0,340.82,0.0,340.82
MO-00125,N-00135,EQ-0010,T-030,2024-09-11,Corrective,Medium,Closed,7.61,7.36,418.42,110.0,528.42
MO-00126,N-00136,EQ-0005,T-016,2026-03-15,Corrective,Low,Completed,2.97,6.43,163.19,165.0,328.19
MO-00127,N-00137,EQ-0026,T-016,2025-09-05,Preventive,Low,Completed,4.06,0.0,223.29,945.0,1168.29
MO-00128,N-00138,EQ-0027,T-008,2024-02-26,Preventive,High,Completed,5.03,0.0,276.53,0.0,276.53
MO-00129,N-00140,EQ-0045,T-004,2025-11-30,Preventive,Medium,Closed,2.28,0.0,125.41,765.0,890.41
MO-00130,N-00141,EQ-0086,T-029,2024-08-19,Preventive,High,Completed,3.98,0.0,219.15,260.0,479.15
MO-00131,N-00142,EQ-0047,T-006,2024-09-27,Corrective,Medium,Completed,3.83,2.88,122.66,18.0,140.66
MO-00132,N-00143,EQ-0097,T-021,2024-10-03,Preventive,Medium,Open,2.25,0.0,94.52,395.0,489.52
MO-00133,N-00144,EQ-0084,T-015,2026-03-05,Preventive,Medium,Completed,14.48,0.0,796.36,85.0,881.36
MO-00134,N-00145,EQ-0090,T-007,2024-11-05,Preventive,High,Completed,2.37,0.0,99.43,0.0,99.43
MO-00135,N-00146,EQ-0061,T-022,2024-10-02,Corrective,Medium,Closed,1.7,0.5,54.44,680.0,734.44
MO-00136,N-00147,EQ-0062,T-009,2026-06-26,Corrective,Medium,Completed,1.85,3.93,101.78,870.0,971.78
MO-00137,N-00148,EQ-0034,T-012,2024-07-09,Corrective,Medium,Completed,15.09,7.22,482.88,445.0,927.88
MO-00138,N-00149,EQ-0052,T-026,2025-10-27,Corrective,Medium,Completed,3.18,2.69,174.65,570.0,744.65
MO-00139,N-00150,EQ-0049,T-015,2024-01-27,Preventive,Medium,Closed,3.54,0.0,194.64,0.0,194.64
MO-00140,N-00151,EQ-0037,T-003,2024-11-17,Corrective,Medium,Completed,7.99,14.04,335.7,0.0,335.7
MO-00141,N-00153,EQ-0027,T-016,2024-02-10,Preventive,Medium,Completed,3.83,0.0,210.9,0.0,210.9
MO-00142,N-00154,EQ-0040,T-017,2025-05-24,Preventive,Medium,Completed,8.96,0.0,492.64,2555.0,3047.64
MO-00143,N-00155,EQ-0054,T-004,2026-04-18,Corrective,High,Closed,3.37,5.14,185.39,0.0,185.39
MO-00144,N-00156,EQ-0006,T-013,2025-09-25,Preventive,Low,Completed,1.11,0.0,61.22,420.0,481.22
MO-00145,N-00157,EQ-0039,T-018,2026-06-30,Corrective,High,Completed,7.91,8.38,332.09,570.0,902.09
MO-00146,N-00158,EQ-0063,T-027,2026-05-16,Preventive,High,Completed,1.01,0.0,32.16,920.0,952.16
MO-00147,N-00159,EQ-0030,T-012,2024-11-05,Corrective,Low,Completed,1.22,5.53,39.02,0.0,39.02
MO-00148,N-00160,EQ-0082,T-029,2026-02-22,Preventive,Low,Completed,4.54,0.0,249.87,381.0,630.87
MO-00149,N-00161,EQ-0068,T-009,2025-04-01,Corrective,Medium,Completed,7.98,4.08,438.7,3175.0,3613.7
MO-00150,N-00162,EQ-0015,T-012,2024-01-23,Preventive,Medium,Completed,5.37,0.0,171.89,470.0,641.89
MO-00151,N-00163,EQ-0062,T-016,2025-08-05,Preventive,Low,Completed,4.66,0.0,256.1,55.0,311.1
MO-00152,N-00164,EQ-0014,T-009,2025-04-29,Corrective,Low,Completed,9.07,0.56,498.61,0.0,498.61
MO-00153,N-00165,EQ-0027,T-012,2024-08-21,Corrective,Medium,Completed,5.0,3.48,160.05,0.0,160.05
MO-00154,N-00166,EQ-0066,T-011,2025-05-26,Preventive,Medium,Closed,12.64,0.0,404.38,0.0,404.38
MO-00155,N-00167,EQ-0061,T-024,2025-02-13,Corrective,High,Closed,1.1,2.74,46.1,4105.0,4151.1
MO-00156,N-00168,EQ-0046,T-005,2025-10-08,Corrective,High,Completed,5.58,4.0,307.04,120.0,427.04
MO-00157,N-00169,EQ-0038,T-002,2026-02-27,Preventive,Low,Closed,5.76,0.0,241.93,0.0,241.93
MO-00158,N-00170,EQ-0067,T-016,2024-08-10,Corrective,Medium,Completed,7.85,13.32,431.94,715.0,1146.94
MO-00159,N-00171,EQ-0073,T-025,2026-04-21,Preventive,Low,Completed,5.23,0.0,167.49,630.0,797.49
MO-00160,N-00172,EQ-0023,T-009,2024-10-17,Corrective,Medium,Completed,7.24,1.72,398.13,190.0,588.13
MO-00161,N-00173,EQ-0031,T-024,2025-06-15,Preventive,Low,Completed,2.9,0.0,121.92,570.0,691.92
MO-00162,N-00175,EQ-0050,T-027,2026-03-11,Corrective,Medium,Completed,10.14,2.49,324.54,90.0,414.54
MO-00163,N-00176,EQ-0018,T-026,2025-05-24,Preventive,Medium,Completed,5.17,0.0,284.44,285.0,569.44
MO-00164,N-00177,EQ-0081,T-017,2024-08-18,Corrective,High,Completed,6.7,5.52,368.65,36.0,404.65
MO-00165,N-00178,EQ-0080,T-024,2024-06-16,Preventive,Medium,Completed,2.6,0.0,109.31,0.0,109.31
MO-00166,N-00179,EQ-0078,T-003,2025-03-29,Corrective,High,Closed,4.78,10.49,200.61,436.0,636.61
MO-00167,N-00180,EQ-0095,T-024,2025-04-07,Preventive,Low,Closed,1.77,0.0,74.29,95.0,169.29
MO-00168,N-00181,EQ-0026,T-022,2025-04-26,Corrective,High,Completed,3.85,4.21,123.3,0.0,123.3
MO-00169,N-00182,EQ-0046,T-014,2025-11-08,Preventive,Medium,Completed,9.86,0.0,315.49,32.0,347.49
MO-00170,N-00183,EQ-0028,T-002,2024-08-11,Corrective,Medium,Closed,4.68,4.14,196.45,160.0,356.45
MO-00171,N-00185,EQ-0093,T-007,2025-11-05,Corrective,High,Completed,3.87,8.31,162.49,557.0,719.49
MO-00172,N-00186,EQ-0039,T-007,2025-02-01,Corrective,High,Completed,3.14,5.37,131.89,520.0,651.89
MO-00173,N-00187,EQ-0096,T-009,2025-01-29,Preventive,Medium,Completed,7.45,0.0,409.77,345.0,754.77
MO-00174,N-00188,EQ-0046,T-015,2024-01-16,Corrective,High,Completed,7.06,3.68,388.22,285.0,673.22
MO-00175,N-00189,EQ-0095,T-004,2024-12-28,Corrective,High,Completed,2.01,10.66,110.73,480.0,590.73
MO-00176,N-00190,EQ-0031,T-005,2024-05-17,Preventive,Medium,Closed,2.87,0.0,157.72,790.0,947.72
MO-00177,N-00191,EQ-0025,T-011,2024-08-23,Corrective,Medium,Completed,2.41,1.48,77.18,149.0,226.18
MO-00178,N-00192,EQ-0057,T-008,2025-10-19,Preventive,Medium,Completed,2.94,0.0,161.51,360.0,521.51
MO-00179,N-00193,EQ-0042,T-024,2024-04-24,Preventive,Low,Completed,2.34,0.0,98.47,85.0,183.47
MO-00180,N-00194,EQ-0025,T-008,2025-09-13,Preventive,Low,Completed,1.37,0.0,75.43,0.0,75.43
MO-00181,N-00195,EQ-0047,T-022,2024-07-03,Corrective,Low,Completed,5.47,5.6,175.13,235.0,410.13
MO-00182,N-00196,EQ-0007,T-023,2026-05-30,Corrective,Medium,Completed,2.49,1.69,136.79,0.0,136.79
MO-00183,N-00197,EQ-0062,T-010,2026-01-26,Preventive,Medium,Completed,4.41,0.0,242.31,890.0,1132.31
MO-00184,N-00198,EQ-0028,T-012,2026-03-11,Preventive,High,Completed,6.09,0.0,194.97,360.0,554.97
MO-00185,N-00199,EQ-0086,T-027,2024-01-07,Corrective,Medium,Completed,8.12,18.73,259.81,135.0,394.81
MO-00186,N-00200,EQ-0068,T-020,2025-11-29,Corrective,Medium,Closed,5.14,14.62,282.83,742.0,1024.83
MO-00187,N-00201,EQ-0027,T-003,2024-07-31,Corrective,High,Completed,3.42,21.62,143.73,1030.0,1173.73
MO-00188,N-00202,EQ-0001,T-023,2025-07-12,Preventive,Medium,Completed,2.87,0.0,157.85,570.0,727.85
MO-00189,N-00203,EQ-0040,T-007,2026-03-11,Preventive,Low,Completed,2.92,0.0,122.62,0.0,122.62
MO-00190,N-00204,EQ-0006,T-018,2026-05-26,Preventive,Medium,Completed,4.06,0.0,170.4,170.0,340.4
MO-00191,N-00205,EQ-0048,T-005,2025-08-01,Corrective,Medium,Completed,2.18,10.75,119.93,312.0,431.93
MO-00192,N-00206,EQ-0024,T-026,2026-04-03,Corrective,Emergency,Completed,13.77,6.72,757.51,110.0,867.51
MO-00193,N-00207,EQ-0064,T-018,2024-01-31,Preventive,Low,Completed,1.82,0.0,76.45,360.0,436.45
MO-00194,N-00208,EQ-0078,T-020,2026-06-14,Preventive,Medium,Completed,1.78,0.0,97.86,475.0,572.86
MO-00195,N-00209,EQ-0068,T-029,2024-11-09,Preventive,Medium,Completed,5.06,0.0,278.47,205.0,483.47
MO-00196,N-00210,EQ-0058,T-020,2024-09-19,Corrective,Emergency,Completed,4.21,6.65,231.49,774.0,1005.49
MO-00197,N-00211,EQ-0001,T-026,2024-07-31,Corrective,High,Completed,5.13,29.48,282.09,54.0,336.09
MO-00198,N-00212,EQ-0004,T-011,2025-11-24,Preventive,Low,Completed,17.92,0.0,573.36,0.0,573.36
MO-00199,N-00213,EQ-0052,T-010,2024-05-31,Corrective,Low,Closed,8.28,2.62,455.51,110.0,565.51
MO-00200,N-00214,EQ-0088,T-002,2024-10-04,Preventive,Medium,Completed,6.22,0.0,261.17,0.0,261.17
MO-00201,N-00215,EQ-0008,T-021,2024-05-26,Corrective,Medium,Completed,1.52,5.14,63.83,425.0,488.83
MO-00202,N-00216,EQ-0049,T-004,2025-01-16,Corrective,High,Completed,6.75,5.77,371.49,320.0,691.49
MO-00203,N-00217,EQ-0063,T-014,2025-10-20,Preventive,Medium,Completed,2.81,0.0,90.04,0.0,90.04
MO-00204,N-00218,EQ-0088,T-014,2026-06-30,Preventive,High,Completed,6.15,0.0,196.7,0.0,196.7
MO-00205,N-00219,EQ-0049,T-028,2024-02-28,Preventive,High,Completed,1.45,0.0,46.41,630.0,676.41
MO-00206,N-00220,EQ-0089,T-008,2025-04-06,Corrective,Low,Completed,5.38,6.05,295.96,365.0,660.96
MO-00207,N-00221,EQ-0070,T-009,2025-04-06,Preventive,Medium,Completed,7.82,0.0,430.28,36.0,466.28
MO-00208,N-00222,EQ-0094,T-012,2025-03-16,Preventive,Medium,Completed,1.96,0.0,62.59,0.0,62.59
MO-00209,N-00223,EQ-0038,T-015,2025-02-06,Preventive,Low,Completed,7.89,0.0,433.86,68.0,501.86
MO-00210,N-00224,EQ-0069,T-021,2026-05-31,Preventive,Medium,Open,8.61,0.0,361.55,2920.0,3281.55
MO-00211,N-00225,EQ-0086,T-030,2024-03-05,Preventive,Low,Completed,0.82,0.0,44.84,0.0,44.84
MO-00212,N-00226,EQ-0055,T-024,2025-04-11,Corrective,High,Completed,5.13,1.48,215.61,285.0,500.61
MO-00213,N-00227,EQ-0009,T-030,2026-03-09,Preventive,Low,Completed,1.97,0.0,108.43,170.0,278.43
MO-00214,N-00228,EQ-0060,T-020,2024-10-15,Corrective,Emergency,Completed,1.28,4.62,70.24,0.0,70.24
MO-00215,N-00229,EQ-0004,T-022,2024-02-05,Preventive,Low,Completed,4.12,0.0,131.86,800.0,931.86
MO-00216,N-00230,EQ-0031,T-013,2025-03-17,Preventive,Medium,Completed,3.03,0.0,166.92,0.0,166.92
MO-00217,N-00231,EQ-0057,T-023,2024-09-15,Preventive,Low,Completed,4.22,0.0,231.86,64.0,295.86
MO-00218,N-00232,EQ-0013,T-013,2025-06-08,Preventive,Medium,Completed,8.28,0.0,455.53,4070.0,4525.53
MO-00219,N-00233,EQ-0047,T-016,2024-09-12,Preventive,Low,Completed,2.68,0.0,147.66,96.0,243.66
MO-00220,N-00234,EQ-0085,T-005,2024-04-13,Corrective,Medium,Completed,6.75,5.45,371.5,380.0,751.5
MO-00221,N-00235,EQ-0023,T-008,2025-10-13,Corrective,Medium,Closed,13.69,1.63,753.03,349.0,1102.03
MO-00222,N-00236,EQ-0029,T-010,2024-09-24,Preventive,Low,Completed,7.51,0.0,413.28,490.0,903.28
MO-00223,N-00237,EQ-0084,T-010,2024-07-24,Preventive,High,Completed,8.01,0.0,440.53,0.0,440.53
MO-00224,N-00238,EQ-0077,T-015,2025-07-27,Corrective,Medium,Completed,1.94,7.64,106.81,0.0,106.81
MO-00225,N-00239,EQ-0027,T-024,2024-02-13,Preventive,Low,Completed,6.57,0.0,275.89,0.0,275.89
MO-00226,N-00240,EQ-0051,T-010,2024-05-11,Corrective,High,Completed,5.45,4.87,299.98,2500.0,2799.98
MO-00227,N-00241,EQ-0063,T-024,2024-08-12,Corrective,Medium,Closed,8.21,3.34,344.95,190.0,534.95
MO-00228,N-00242,EQ-0031,T-009,2024-02-26,Preventive,Low,Completed,6.81,0.0,374.46,90.0,464.46
MO-00229,N-00243,EQ-0028,T-007,2024-08-14,Preventive,Medium,Completed,4.12,0.0,173.19,0.0,173.19
MO-00230,N-00244,EQ-0092,T-023,2026-04-10,Preventive,Medium,Completed,13.49,0.0,742.08,0.0,742.08
MO-00231,N-00245,EQ-0004,T-003,2024-11-14,Preventive,Medium,Completed,2.86,0.0,120.12,0.0,120.12
MO-00232,N-00246,EQ-0077,T-002,2024-03-29,Corrective,Low,Completed,2.45,5.44,102.81,85.0,187.81
MO-00233,N-00247,EQ-0044,T-029,2025-11-13,Corrective,Medium,Completed,8.23,3.4,452.49,955.0,1407.49
MO-00234,N-00248,EQ-0042,T-017,2026-01-02,Preventive,Medium,Completed,1.46,0.0,80.07,820.0,900.07
MO-00235,N-00249,EQ-0091,T-022,2025-02-13,Preventive,Medium,Completed,6.44,0.0,206.06,370.0,576.06
MO-00236,N-00250,EQ-0021,T-009,2024-08-17,Preventive,Medium,Completed,0.97,0.0,53.37,0.0,53.37
MO-00237,N-00251,EQ-0002,T-008,2026-04-27,Corrective,Low,Completed,4.75,3.38,261.17,2500.0,2761.17
MO-00238,N-00252,EQ-0069,T-023,2025-08-29,Preventive,Medium,Open,2.4,0.0,131.97,285.0,416.97
MO-00239,N-00253,EQ-0093,T-020,2024-06-29,Corrective,Medium,Completed,3.56,8.42,196.06,85.0,281.06
MO-00240,N-00254,EQ-0014,T-005,2024-01-15,Corrective,Medium,Completed,4.04,10.37,222.39,0.0,222.39
MO-00241,N-00255,EQ-0007,T-009,2025-10-19,Corrective,Medium,Completed,10.66,3.96,586.06,210.0,796.06
MO-00242,N-00256,EQ-0081,T-014,2026-05-04,Preventive,Medium,Completed,3.55,0.0,113.76,0.0,113.76
MO-00243,N-00257,EQ-0036,T-016,2025-09-16,Preventive,Medium,Completed,3.15,0.0,173.41,0.0,173.41
MO-00244,N-00258,EQ-0094,T-014,2024-11-30,Corrective,Medium,Completed,8.4,7.51,268.85,1370.0,1638.85
MO-00245,N-00259,EQ-0017,T-004,2025-07-22,Corrective,Medium,Open,3.08,16.53,169.16,355.0,524.16
MO-00246,N-00260,EQ-0029,T-008,2026-06-08,Corrective,Low,Completed,0.5,6.93,27.5,0.0,27.5
MO-00247,N-00261,EQ-0041,T-001,2026-03-06,Corrective,High,Completed,10.74,5.35,590.77,165.0,755.77
MO-00248,N-00262,EQ-0029,T-020,2024-12-19,Corrective,Medium,Completed,2.43,19.78,133.61,0.0,133.61
MO-00249,N-00263,EQ-0054,T-024,2025-11-15,Corrective,Low,Completed,4.06,5.96,170.62,0.0,170.62
MO-00250,N-00264,EQ-0036,T-027,2024-03-07,Corrective,High,Completed,1.65,4.09,52.83,1912.0,1964.83
MO-00251,N-00265,EQ-0095,T-018,2025-08-31,Corrective,Medium,Completed,5.34,7.41,224.44,0.0,224.44
MO-00252,N-00266,EQ-0100,T-005,2025-04-22,Corrective,High,Completed,1.36,3.12,74.91,0.0,74.91
MO-00253,N-00268,EQ-0023,T-013,2025-05-10,Corrective,Medium,Completed,1.25,2.31,68.85,0.0,68.85
MO-00254,N-00269,EQ-0031,T-019,2025-05-06,Corrective,Medium,Completed,6.6,4.4,363.21,1285.0,1648.21
MO-00255,N-00270,EQ-0020,T-020,2025-01-16,Preventive,Medium,Completed,10.32,0.0,567.39,0.0,567.39
MO-00256,N-00271,EQ-0055,T-020,2026-01-10,Corrective,Medium,Completed,15.82,5.44,870.18,0.0,870.18
MO-00257,N-00272,EQ-0035,T-017,2024-08-29,Corrective,Medium,Completed,3.67,8.0,201.62,3750.0,3951.62
MO-00258,N-00273,EQ-0071,T-021,2025-11-19,Preventive,High,Closed,3.63,0.0,152.38,760.0,912.38
MO-00259,N-00274,EQ-0044,T-001,2025-08-15,Preventive,Medium,Completed,1.95,0.0,107.04,65.0,172.04
MO-00260,N-00275,EQ-0068,T-007,2024-06-11,Corrective,Medium,Completed,3.46,13.74,145.44,36.0,181.44
MO-00261,N-00276,EQ-0031,T-027,2024-10-15,Corrective,Medium,Completed,4.93,4.38,157.9,230.0,387.9
MO-00262,N-00278,EQ-0062,T-004,2024-05-20,Preventive,Medium,Completed,4.61,0.0,253.57,630.0,883.57
MO-00263,N-00279,EQ-0076,T-003,2025-10-09,Preventive,Medium,Completed,2.93,0.0,122.91,1250.0,1372.91
MO-00264,N-00280,EQ-0050,T-028,2025-05-06,Corrective,Medium,Completed,2.33,6.38,74.62,0.0,74.62
MO-00265,N-00281,EQ-0064,T-017,2024-01-30,Corrective,Medium,Open,3.0,3.85,164.93,401.0,565.93
MO-00266,N-00282,EQ-0089,T-019,2025-10-02,Preventive,Low,Completed,0.94,0.0,51.58,470.0,521.58
MO-00267,N-00283,EQ-0012,T-023,2024-04-01,Corrective,High,Completed,6.19,5.72,340.69,0.0,340.69
MO-00268,N-00284,EQ-0077,T-006,2025-09-29,Corrective,Medium,Completed,4.08,7.19,130.52,195.0,325.52
MO-00269,N-00285,EQ-0022,T-030,2025-06-02,Preventive,Medium,Completed,1.99,0.0,109.43,525.0,634.43
MO-00270,N-00286,EQ-0087,T-016,2025-02-25,Preventive,Medium,Completed,3.27,0.0,179.8,55.0,234.8
MO-00271,N-00287,EQ-0035,T-016,2024-09-12,Corrective,Medium,Completed,3.7,8.08,203.64,486.0,689.64
MO-00272,N-00288,EQ-0056,T-018,2025-12-27,Preventive,Medium,Completed,0.63,0.0,26.26,345.0,371.26
MO-00273,N-00289,EQ-0062,T-030,2025-12-15,Preventive,Medium,Completed,2.0,0.0,110.0,110.0,220.0
MO-00274,N-00290,EQ-0041,T-022,2024-07-08,Preventive,Medium,Open,4.36,0.0,139.5,0.0,139.5
MO-00275,N-00291,EQ-0035,T-025,2025-12-08,Preventive,Medium,Completed,5.9,0.0,188.68,561.0,749.68
MO-00276,N-00292,EQ-0005,T-023,2025-07-18,Corrective,High,Completed,9.94,9.01,546.66,220.0,766.66
MO-00277,N-00293,EQ-0080,T-014,2025-04-11,Preventive,High,Completed,4.25,0.0,136.14,290.0,426.14
MO-00278,N-00294,EQ-0066,T-015,2025-06-20,Preventive,Medium,Completed,5.25,0.0,288.77,316.0,604.77
MO-00279,N-00295,EQ-0079,T-016,2025-06-21,Corrective,Medium,Completed,3.29,17.07,181.02,540.0,721.02
MO-00280,N-00296,EQ-0085,T-014,2025-04-14,Corrective,High,Completed,2.25,3.98,72.06,720.0,792.06
MO-00281,N-00297,EQ-0051,T-012,2024-01-19,Corrective,Medium,Closed,5.37,7.09,171.73,324.0,495.73
MO-00282,N-00298,EQ-0052,T-025,2024-09-20,Corrective,Medium,Completed,8.2,2.58,262.25,1535.0,1797.25
MO-00283,N-00299,EQ-0039,T-027,2024-08-03,Corrective,Medium,Closed,2.88,5.27,92.3,0.0,92.3
MO-00284,N-00300,EQ-0085,T-005,2025-06-05,Preventive,Medium,Completed,7.32,0.0,402.76,120.0,522.76
MO-00285,N-00302,EQ-0018,T-015,2026-03-30,Preventive,Medium,Completed,7.46,0.0,410.09,480.0,890.09
MO-00286,N-00303,EQ-0064,T-001,2026-03-06,Corrective,Low,Completed,1.09,4.52,59.91,170.0,229.91
MO-00287,N-00304,EQ-0100,T-026,2025-03-15,Preventive,Medium,Completed,3.1,0.0,170.62,0.0,170.62
MO-00288,N-00305,EQ-0039,T-004,2025-11-23,Corrective,Medium,Completed,2.25,3.05,123.73,4275.0,4398.73
MO-00289,N-00306,EQ-0042,T-004,2025-11-01,Preventive,Medium,Completed,1.26,0.0,69.04,0.0,69.04
MO-00290,N-00307,EQ-0003,T-007,2025-08-30,Preventive,Medium,Open,5.39,0.0,226.38,0.0,226.38
MO-00291,N-00308,EQ-0013,T-021,2025-10-24,Corrective,High,Completed,6.31,1.7,265.11,370.0,635.11
MO-00292,N-00309,EQ-0067,T-026,2026-06-17,Corrective,Medium,Closed,2.48,2.87,136.33,18.0,154.33
MO-00293,N-00310,EQ-0069,T-027,2025-09-13,Preventive,Low,Completed,4.51,0.0,144.31,3750.0,3894.31
MO-00294,N-00311,EQ-0004,T-010,2024-07-06,Corrective,Low,Completed,3.02,0.6,166.17,670.0,836.17
MO-00295,N-00312,EQ-0087,T-005,2025-01-29,Preventive,Medium,Completed,7.8,0.0,428.73,166.0,594.73
MO-00296,N-00313,EQ-0064,T-026,2025-07-23,Preventive,Medium,Completed,4.91,0.0,270.21,255.0,525.21
MO-00297,N-00314,EQ-0018,T-002,2024-06-10,Corrective,High,Completed,0.85,11.15,35.59,670.0,705.59
MO-00298,N-00315,EQ-0067,T-004,2025-01-18,Preventive,High,Completed,11.09,0.0,609.72,96.0,705.72
MO-00299,N-00316,EQ-0094,T-022,2024-11-07,Preventive,Medium,Completed,0.5,0.0,16.0,0.0,16.0
MO-00300,N-00318,EQ-0005,T-027,2024-10-28,Corrective,Medium,Completed,9.34,9.57,298.85,4330.0,4628.85
MO-00301,N-00319,EQ-0026,T-011,2024-05-02,Corrective,High,Completed,8.82,4.25,282.26,18.0,300.26
MO-00302,N-00320,EQ-0051,T-013,2024-11-11,Corrective,Medium,Completed,3.2,6.01,176.24,966.0,1142.24
MO-00303,N-00321,EQ-0076,T-007,2025-09-13,Corrective,High,Completed,0.94,3.2,39.6,385.0,424.6
MO-00304,N-00322,EQ-0049,T-028,2026-01-15,Preventive,Medium,Completed,4.16,0.0,133.2,81.0,214.2
MO-00305,N-00323,EQ-0074,T-024,2024-07-16,Preventive,Medium,Completed,1.1,0.0,46.06,18.0,64.06
MO-00306,N-00324,EQ-0066,T-023,2026-06-30,Preventive,Low,Completed,6.19,0.0,340.62,0.0,340.62
MO-00307,N-00325,EQ-0094,T-026,2026-05-23,Corrective,High,Completed,1.55,3.34,85.09,0.0,85.09
MO-00308,N-00326,EQ-0041,T-028,2025-10-29,Corrective,Medium,Completed,4.36,5.22,139.42,490.0,629.42
MO-00309,N-00327,EQ-0067,T-021,2024-12-10,Corrective,Medium,Completed,11.16,2.7,468.58,980.0,1448.58
MO-00310,N-00328,EQ-0002,T-010,2026-03-12,Corrective,High,Completed,0.52,4.49,28.48,630.0,658.48
MO-00311,N-00329,EQ-0009,T-012,2024-05-01,Corrective,Medium,Completed,1.63,6.7,52.06,0.0,52.06
MO-00312,N-00330,EQ-0021,T-027,2025-02-08,Preventive,Medium,Completed,2.92,0.0,93.3,18.0,111.3
MO-00313,N-00331,EQ-0093,T-015,2025-06-29,Preventive,Low,Completed,12.31,0.0,677.19,95.0,772.19
MO-00314,N-00332,EQ-0068,T-030,2025-09-23,Preventive,Medium,Completed,4.54,0.0,249.51,525.0,774.51
MO-00315,N-00333,EQ-0052,T-004,2024-04-20,Preventive,High,Closed,7.33,0.0,403.27,2500.0,2903.27
MO-00316,N-00334,EQ-0066,T-007,2024-05-29,Corrective,Low,Completed,3.29,5.33,138.25,64.0,202.25
MO-00317,N-00335,EQ-0016,T-002,2025-12-13,Preventive,Medium,Completed,6.97,0.0,292.74,570.0,862.74
MO-00318,N-00337,EQ-0070,T-001,2025-07-24,Corrective,Low,Completed,1.77,2.41,97.38,85.0,182.38
MO-00319,N-00338,EQ-0059,T-010,2024-01-31,Preventive,High,Completed,1.29,0.0,71.05,470.0,541.05
MO-00320,N-00339,EQ-0032,T-010,2025-12-30,Corrective,Medium,Closed,1.45,2.01,79.62,0.0,79.62
MO-00321,N-00340,EQ-0092,T-020,2024-06-04,Corrective,Medium,Completed,5.03,7.61,276.84,415.0,691.84
MO-00322,N-00341,EQ-0073,T-024,2025-11-19,Corrective,Medium,Completed,4.89,5.89,205.57,160.0,365.57
MO-00323,N-00342,EQ-0074,T-016,2025-06-26,Corrective,Emergency,Completed,5.22,1.08,286.83,0.0,286.83
MO-00324,N-00343,EQ-0016,T-017,2024-06-09,Corrective,High,Completed,2.17,11.14,119.13,535.0,654.13
MO-00325,N-00344,EQ-0051,T-028,2024-02-20,Corrective,High,Completed,7.32,7.18,234.37,0.0,234.37
MO-00326,N-00345,EQ-0046,T-011,2026-05-09,Preventive,Medium,Completed,6.45,0.0,206.47,810.0,1016.47
MO-00327,N-00346,EQ-0099,T-007,2025-01-15,Preventive,Medium,Completed,6.21,0.0,260.65,55.0,315.65
MO-00328,N-00347,EQ-0068,T-011,2024-01-24,Preventive,Medium,Completed,1.17,0.0,37.49,3960.0,3997.49
MO-00329,N-00348,EQ-0061,T-016,2026-01-14,Corrective,Medium,Completed,1.06,6.62,58.47,380.0,438.47
MO-00330,N-00349,EQ-0036,T-010,2026-03-08,Preventive,High,Completed,8.42,0.0,462.86,680.0,1142.86
MO-00331,N-00350,EQ-0090,T-002,2025-12-03,Preventive,High,Completed,6.79,0.0,285.17,355.0,640.17
MO-00332,N-00351,EQ-0087,T-023,2025-01-15,Preventive,Medium,Completed,8.08,0.0,444.45,0.0,444.45
MO-00333,N-00352,EQ-0090,T-020,2024-02-15,Corrective,Emergency,Completed,3.72,9.57,204.72,130.0,334.72
MO-00334,N-00353,EQ-0058,T-030,2025-11-10,Preventive,High,Completed,5.67,0.0,312.12,185.0,497.12
MO-00335,N-00354,EQ-0038,T-003,2024-06-06,Corrective,Emergency,Completed,1.46,6.94,61.49,260.0,321.49
MO-00336,N-00355,EQ-0050,T-001,2024-04-03,Preventive,High,Completed,7.52,0.0,413.44,515.0,928.44
MO-00337,N-00356,EQ-0072,T-013,2025-06-27,Corrective,High,Completed,3.44,6.33,189.06,0.0,189.06
MO-00338,N-00357,EQ-0055,T-016,2024-04-04,Preventive,High,Completed,2.93,0.0,161.21,0.0,161.21
MO-00339,N-00358,EQ-0100,T-020,2025-08-16,Preventive,Low,Completed,10.88,0.0,598.18,164.0,762.18
MO-00340,N-00359,EQ-0039,T-029,2026-06-20,Preventive,Medium,Completed,1.27,0.0,70.03,0.0,70.03
MO-00341,N-00360,EQ-0079,T-026,2025-07-10,Corrective,Medium,Closed,13.67,4.01,751.59,0.0,751.59
MO-00342,N-00361,EQ-0074,T-030,2025-05-22,Preventive,Medium,Open,5.04,0.0,277.36,0.0,277.36
MO-00343,N-00362,EQ-0098,T-011,2024-11-13,Preventive,Medium,Completed,4.55,0.0,145.49,0.0,145.49
MO-00344,N-00363,EQ-0035,T-011,2024-05-12,Corrective,Medium,Completed,5.55,4.14,177.61,152.0,329.61
MO-00345,N-00364,EQ-0088,T-003,2024-11-06,Corrective,Low,Completed,4.48,10.85,188.12,602.0,790.12
MO-00346,N-00365,EQ-0063,T-003,2025-06-27,Corrective,Medium,Completed,7.09,9.85,297.96,0.0,297.96
MO-00347,N-00366,EQ-0032,T-021,2025-06-29,Preventive,High,Completed,10.3,0.0,432.81,226.0,658.81
MO-00348,N-00367,EQ-0028,T-019,2024-08-05,Preventive,Medium,Completed,0.71,0.0,38.86,120.0,158.86
MO-00349,N-00368,EQ-0030,T-023,2024-10-24,Preventive,Medium,Completed,1.21,0.0,66.81,0.0,66.81
MO-00350,N-00369,EQ-0051,T-022,2026-01-18,Corrective,Medium,Completed,4.64,7.11,148.54,4060.0,4208.54
MO-00351,N-00370,EQ-0096,T-020,2024-09-30,Preventive,Medium,Completed,2.04,0.0,112.03,0.0,112.03
MO-00352,N-00371,EQ-0095,T-002,2025-11-24,Corrective,Medium,Open,2.3,1.38,96.6,665.0,761.6
MO-00353,N-00372,EQ-0094,T-014,2025-07-17,Corrective,Medium,Completed,8.59,10.11,274.89,0.0,274.89
MO-00354,N-00374,EQ-0079,T-001,2024-07-08,Preventive,Medium,Open,7.42,0.0,408.33,525.0,933.33
MO-00355,N-00375,EQ-0015,T-010,2025-07-28,Preventive,Medium,Closed,6.94,0.0,381.61,135.0,516.61
MO-00356,N-00376,EQ-0018,T-022,2025-08-04,Corrective,Medium,Completed,2.65,12.27,84.74,175.0,259.74
MO-00357,N-00377,EQ-0021,T-014,2026-06-15,Corrective,High,Completed,5.75,6.86,184.09,0.0,184.09
MO-00358,N-00378,EQ-0096,T-020,2026-03-19,Corrective,Medium,Completed,4.42,11.8,243.35,121.0,364.35
MO-00359,N-00379,EQ-0056,T-009,2025-06-14,Preventive,Medium,Completed,3.83,0.0,210.61,396.0,606.61
MO-00360,N-00380,EQ-0030,T-002,2024-05-17,Preventive,High,Completed,2.82,0.0,118.43,0.0,118.43
MO-00361,N-00382,EQ-0087,T-010,2025-06-30,Preventive,Medium,Completed,2.53,0.0,139.12,285.0,424.12
MO-00362,N-00383,EQ-0062,T-020,2025-01-10,Preventive,Medium,Closed,10.3,0.0,566.34,210.0,776.34
MO-00363,N-00384,EQ-0090,T-013,2025-02-17,Preventive,Medium,Completed,6.62,0.0,364.24,96.0,460.24
MO-00364,N-00385,EQ-0023,T-010,2024-05-18,Preventive,Medium,Completed,2.92,0.0,160.59,190.0,350.59
MO-00365,N-00386,EQ-0006,T-004,2025-08-09,Corrective,High,Completed,1.63,2.55,89.89,364.0,453.89
MO-00366,N-00387,EQ-0077,T-014,2025-06-13,Corrective,Medium,Completed,7.34,8.66,234.99,364.0,598.99
MO-00367,N-00388,EQ-0014,T-025,2024-02-13,Preventive,Medium,Completed,1.65,0.0,52.95,260.0,312.95
MO-00368,N-00389,EQ-0017,T-006,2026-06-22,Preventive,Medium,Completed,6.2,0.0,198.46,560.0,758.46
MO-00369,N-00390,EQ-0009,T-026,2024-04-09,Preventive,Medium,Closed,6.01,0.0,330.64,0.0,330.64
MO-00370,N-00391,EQ-0096,T-020,2025-11-23,Preventive,Low,Completed,3.08,0.0,169.47,0.0,169.47
MO-00371,N-00392,EQ-0041,T-024,2024-07-02,Preventive,High,Completed,2.02,0.0,84.8,1250.0,1334.8
MO-00372,N-00393,EQ-0042,T-027,2026-04-09,Corrective,High,Completed,4.08,8.61,130.54,0.0,130.54
MO-00373,N-00394,EQ-0065,T-029,2026-03-02,Preventive,Medium,Open,4.03,0.0,221.39,0.0,221.39
MO-00374,N-00395,EQ-0076,T-002,2024-06-27,Preventive,High,Completed,7.88,0.0,331.16,4100.0,4431.16
MO-00375,N-00396,EQ-0065,T-027,2024-11-19,Preventive,Low,Completed,3.23,0.0,103.39,0.0,103.39
MO-00376,N-00397,EQ-0039,T-004,2026-06-27,Preventive,Low,Closed,7.05,0.0,387.61,570.0,957.61
MO-00377,N-00398,EQ-0078,T-013,2024-04-06,Preventive,Low,Completed,3.81,0.0,209.44,254.0,463.44
MO-00378,N-00399,EQ-0034,T-016,2025-11-19,Preventive,Medium,Completed,12.65,0.0,695.8,285.0,980.8
MO-00379,N-00400,EQ-0018,T-028,2025-02-18,Corrective,Medium,Completed,3.27,20.33,104.53,510.0,614.53
MO-00380,N-00401,EQ-0094,T-029,2024-11-01,Corrective,Medium,Completed,5.88,3.91,323.31,54.0,377.31
MO-00381,N-00402,EQ-0026,T-018,2025-03-06,Corrective,Medium,Completed,4.46,5.73,187.29,0.0,187.29
MO-00382,N-00403,EQ-0048,T-022,2024-05-21,Corrective,Medium,Completed,1.25,9.97,39.88,90.0,129.88
MO-00383,N-00404,EQ-0016,T-022,2025-11-10,Corrective,Low,Completed,12.84,8.26,411.01,0.0,411.01
MO-00384,N-00405,EQ-0079,T-009,2025-12-30,Corrective,Low,Completed,4.86,7.0,267.04,960.0,1227.04
MO-00385,N-00406,EQ-0025,T-017,2024-09-25,Corrective,Emergency,Completed,8.56,5.72,470.82,228.0,698.82
MO-00386,N-00407,EQ-0024,T-005,2025-06-04,Preventive,Low,Completed,2.88,0.0,158.38,525.0,683.38
MO-00387,N-00408,EQ-0066,T-030,2026-04-09,Corrective,Medium,Completed,4.78,4.17,262.8,65.0,327.8
MO-00388,N-00409,EQ-0097,T-024,2025-09-27,Corrective,Medium,Completed,1.34,3.0,56.45,0.0,56.45
MO-00389,N-00410,EQ-0067,T-011,2026-04-08,Preventive,Low,Completed,8.32,0.0,266.3,420.0,686.3
MO-00390,N-00411,EQ-0097,T-026,2025-03-01,Preventive,Medium,Completed,3.1,0.0,170.39,85.0,255.39
MO-00391,N-00412,EQ-0050,T-022,2025-07-19,Preventive,Medium,Completed,8.49,0.0,271.8,110.0,381.8
MO-00392,N-00413,EQ-0075,T-026,2025-10-03,Preventive,Low,Closed,7.55,0.0,415.12,175.0,590.12
MO-00393,N-00414,EQ-0046,T-024,2024-08-24,Corrective,Low,Completed,3.44,7.68,144.39,670.0,814.39
MO-00394,N-00415,EQ-0010,T-007,2024-10-19,Preventive,Medium,Completed,6.08,0.0,255.4,0.0,255.4
MO-00395,N-00416,EQ-0089,T-013,2025-11-08,Corrective,High,Closed,7.54,2.52,414.79,0.0,414.79
MO-00396,N-00417,EQ-0003,T-029,2024-06-17,Preventive,Medium,Closed,6.39,0.0,351.6,0.0,351.6
MO-00397,N-00418,EQ-0069,T-013,2025-12-30,Preventive,Medium,Completed,6.72,0.0,369.59,0.0,369.59
MO-00398,N-00419,EQ-0006,T-002,2025-05-05,Preventive,Medium,Completed,10.93,0.0,459.01,2500.0,2959.01
MO-00399,N-00420,EQ-0062,T-023,2024-03-18,Corrective,High,Completed,2.87,5.62,158.12,0.0,158.12
MO-00400,N-00421,EQ-0035,T-009,2026-06-19,Corrective,High,Completed,3.03,3.85,166.73,538.0,704.73
MO-00401,N-00422,EQ-0076,T-024,2024-05-23,Corrective,Medium,Completed,1.35,8.15,56.73,660.0,716.73
MO-00402,N-00423,EQ-0001,T-027,2024-10-03,Preventive,Medium,Completed,1.52,0.0,48.55,2500.0,2548.55
MO-00403,N-00424,EQ-0043,T-021,2025-05-28,Corrective,Medium,Completed,3.5,4.45,147.06,0.0,147.06
MO-00404,N-00425,EQ-0009,T-015,2025-10-26,Preventive,Medium,Completed,7.27,0.0,399.71,231.0,630.71
MO-00405,N-00426,EQ-0099,T-021,2024-02-20,Preventive,Medium,Completed,2.24,0.0,94.19,380.0,474.19
MO-00406,N-00427,EQ-0039,T-020,2025-07-31,Corrective,High,Completed,5.24,1.72,288.45,0.0,288.45
MO-00407,N-00428,EQ-0086,T-015,2025-03-21,Corrective,Medium,Completed,6.78,1.65,373.09,54.0,427.09
MO-00408,N-00429,EQ-0065,T-010,2024-01-21,Corrective,Medium,Closed,2.56,5.42,141.04,360.0,501.04
MO-00409,N-00430,EQ-0059,T-006,2026-04-18,Preventive,Medium,Completed,5.76,0.0,184.25,0.0,184.25
MO-00410,N-00431,EQ-0016,T-018,2026-01-02,Corrective,Emergency,Completed,9.33,9.45,391.81,425.0,816.81
MO-00411,N-00432,EQ-0100,T-004,2026-02-05,Preventive,Low,Completed,13.06,0.0,718.06,405.0,1123.06
MO-00412,N-00433,EQ-0028,T-010,2025-02-03,Corrective,Medium,Completed,1.05,16.38,57.88,1810.0,1867.88
MO-00413,N-00434,EQ-0007,T-023,2025-04-30,Preventive,Medium,Closed,3.47,0.0,191.1,90.0,281.1
MO-00414,N-00435,EQ-0007,T-023,2024-08-18,Corrective,Low,Completed,1.31,4.18,72.1,0.0,72.1
MO-00415,N-00436,EQ-0089,T-027,2024-11-01,Corrective,Medium,Completed,7.34,3.93,234.93,175.0,409.93
MO-00416,N-00437,EQ-0043,T-012,2026-05-10,Preventive,Medium,Completed,2.43,0.0,77.76,630.0,707.76
MO-00417,N-00438,EQ-0046,T-007,2026-03-16,Corrective,Low,Completed,10.34,10.18,434.31,380.0,814.31
MO-00418,N-00439,EQ-0018,T-014,2024-06-23,Corrective,High,Completed,3.89,5.2,124.44,0.0,124.44
MO-00419,N-00440,EQ-0003,T-004,2025-05-22,Preventive,Medium,Completed,2.28,0.0,125.17,0.0,125.17
MO-00420,N-00441,EQ-0043,T-019,2024-01-18,Preventive,Low,Completed,1.81,0.0,99.6,420.0,519.6
MO-00421,N-00442,EQ-0042,T-015,2025-12-14,Corrective,Emergency,Completed,3.99,30.36,219.56,741.0,960.56
MO-00422,N-00443,EQ-0084,T-030,2026-01-03,Corrective,High,Completed,4.65,3.65,255.48,705.0,960.48
MO-00423,N-00444,EQ-0052,T-001,2024-03-26,Corrective,Medium,Completed,6.22,1.04,342.37,0.0,342.37
MO-00424,N-00445,EQ-0091,T-014,2025-12-21,Corrective,High,Closed,3.01,4.63,96.47,2500.0,2596.47
MO-00425,N-00446,EQ-0027,T-014,2025-08-21,Preventive,Medium,Completed,5.55,0.0,177.56,0.0,177.56
MO-00426,N-00447,EQ-0058,T-018,2025-05-03,Preventive,High,Completed,6.51,0.0,273.39,0.0,273.39
MO-00427,N-00448,EQ-0015,T-030,2024-01-13,Preventive,Medium,Completed,5.44,0.0,299.15,0.0,299.15
MO-00428,N-00449,EQ-0052,T-006,2024-07-31,Corrective,Low,Completed,2.66,3.95,85.27,0.0,85.27
MO-00429,N-00450,EQ-0016,T-028,2026-04-22,Preventive,Low,Completed,10.34,0.0,330.97,0.0,330.97
MO-00430,N-00451,EQ-0081,T-007,2024-05-27,Corrective,Low,Completed,8.37,2.35,351.57,246.0,597.57
MO-00431,N-00452,EQ-0054,T-023,2026-04-02,Preventive,Medium,Open,1.98,0.0,108.95,0.0,108.95
MO-00432,N-00453,EQ-0018,T-013,2024-11-10,Corrective,Emergency,Completed,9.12,10.56,501.33,0.0,501.33
MO-00433,N-00454,EQ-0009,T-022,2024-12-28,Corrective,High,Completed,9.1,8.48,291.23,95.0,386.23
MO-00434,N-00455,EQ-0012,T-030,2024-06-17,Corrective,Medium,Completed,4.72,5.51,259.84,208.0,467.84
MO-00435,N-00456,EQ-0070,T-018,2025-08-29,Corrective,Low,Completed,4.83,9.05,203.0,0.0,203.0
MO-00436,N-00457,EQ-0075,T-009,2024-11-05,Preventive,High,Completed,6.59,0.0,362.42,260.0,622.42
MO-00437,N-00458,EQ-0014,T-029,2025-07-03,Preventive,Medium,Completed,7.42,0.0,408.31,210.0,618.31
MO-00438,N-00459,EQ-0089,T-021,2026-02-11,Corrective,Medium,Completed,5.67,3.33,238.06,18.0,256.06
MO-00439,N-00460,EQ-0083,T-022,2025-05-10,Corrective,Low,Completed,7.64,6.5,244.57,95.0,339.57
MO-00440,N-00461,EQ-0050,T-013,2025-10-20,Preventive,Medium,Completed,3.46,0.0,190.43,0.0,190.43
MO-00441,N-00462,EQ-0016,T-001,2024-05-22,Preventive,Medium,Completed,1.86,0.0,102.23,350.0,452.23
MO-00442,N-00463,EQ-0008,T-023,2024-04-27,Corrective,Medium,Completed,8.77,12.53,482.42,0.0,482.42
MO-00443,N-00464,EQ-0002,T-002,2026-04-16,Preventive,Medium,Completed,1.12,0.0,47.04,370.0,417.04
MO-00444,N-00465,EQ-0044,T-018,2024-09-07,Preventive,Medium,Closed,7.08,0.0,297.56,550.0,847.56
MO-00445,N-00466,EQ-0065,T-007,2024-01-25,Corrective,Medium,Completed,6.44,5.02,270.51,285.0,555.51
MO-00446,N-00467,EQ-0028,T-016,2024-12-13,Corrective,Medium,Completed,16.01,2.22,880.34,148.0,1028.34
MO-00447,N-00468,EQ-0051,T-020,2025-12-06,Corrective,Medium,Completed,6.93,4.38,381.12,475.0,856.12
MO-00448,N-00469,EQ-0011,T-023,2025-10-27,Corrective,Medium,Open,9.77,2.21,537.46,0.0,537.46
MO-00449,N-00470,EQ-0065,T-011,2026-02-26,Preventive,Medium,Open,7.19,0.0,230.06,425.0,655.06
MO-00450,N-00471,EQ-0100,T-010,2024-03-29,Corrective,Medium,Completed,1.4,8.33,77.13,0.0,77.13
MO-00451,N-00472,EQ-0003,T-007,2024-11-04,Corrective,Medium,Closed,3.54,3.8,148.52,96.0,244.52
MO-00452,N-00473,EQ-0057,T-016,2025-04-24,Preventive,Medium,Completed,10.42,0.0,573.0,191.0,764.0
MO-00453,N-00474,EQ-0073,T-004,2026-05-05,Preventive,Medium,Completed,1.38,0.0,76.16,0.0,76.16
MO-00454,N-00475,EQ-0084,T-016,2026-04-27,Corrective,Medium,Completed,8.03,8.85,441.65,495.0,936.65
MO-00455,N-00476,EQ-0058,T-014,2025-09-01,Preventive,Low,Completed,3.33,0.0,106.71,36.0,142.71
MO-00456,N-00478,EQ-0071,T-029,2024-08-10,Preventive,Medium,Closed,4.19,0.0,230.7,190.0,420.7
MO-00457,N-00479,EQ-0030,T-022,2025-07-01,Corrective,Medium,Closed,1.75,11.79,55.88,360.0,415.88
MO-00458,N-00480,EQ-0056,T-012,2024-05-09,Preventive,Medium,Completed,3.02,0.0,96.59,665.0,761.59
MO-00459,N-00481,EQ-0071,T-012,2024-08-16,Preventive,High,Completed,7.05,0.0,225.62,380.0,605.62
MO-00460,N-00482,EQ-0060,T-016,2026-01-01,Corrective,Emergency,Closed,5.19,21.77,285.34,920.0,1205.34
MO-00461,N-00483,EQ-0060,T-001,2024-06-22,Preventive,Medium,Completed,4.04,0.0,221.96,200.0,421.96
MO-00462,N-00485,EQ-0081,T-014,2024-11-03,Preventive,Medium,Completed,1.99,0.0,63.79,0.0,63.79
MO-00463,N-00486,EQ-0054,T-030,2024-05-31,Preventive,Medium,Completed,6.55,0.0,360.07,305.0,665.07
MO-00464,N-00487,EQ-0052,T-004,2025-03-18,Preventive,Medium,Completed,7.12,0.0,391.67,195.0,586.67
MO-00465,N-00488,EQ-0002,T-012,2024-03-05,Corrective,Medium,Closed,4.61,5.23,147.54,55.0,202.54
MO-00466,N-00489,EQ-0046,T-024,2026-06-26,Corrective,Low,Completed,2.81,21.59,118.09,285.0,403.09
MO-00467,N-00490,EQ-0058,T-011,2025-05-04,Preventive,Medium,Completed,4.25,0.0,135.84,465.0,600.84
MO-00468,N-00491,EQ-0096,T-014,2025-08-08,Preventive,High,Completed,3.79,0.0,121.31,255.0,376.31
MO-00469,N-00493,EQ-0088,T-020,2024-10-17,Corrective,Low,Completed,0.5,3.14,27.5,581.0,608.5
MO-00470,N-00494,EQ-0010,T-019,2025-12-24,Preventive,Medium,Completed,13.1,0.0,720.51,290.0,1010.51
MO-00471,N-00495,EQ-0100,T-013,2025-06-18,Corrective,Medium,Completed,6.72,4.54,369.77,0.0,369.77
MO-00472,N-00496,EQ-0065,T-030,2026-02-02,Corrective,High,Completed,1.15,9.03,63.14,32.0,95.14
MO-00473,N-00497,EQ-0031,T-024,2024-05-30,Preventive,Medium,Completed,4.71,0.0,197.77,980.0,1177.77
MO-00474,N-00498,EQ-0001,T-006,2025-05-09,Preventive,Medium,Completed,3.12,0.0,99.72,165.0,264.72
MO-00475,N-00499,EQ-0007,T-006,2026-04-11,Preventive,Medium,Completed,6.84,0.0,218.94,0.0,218.94
MO-00476,N-00500,EQ-0032,T-012,2026-02-18,Preventive,Medium,Completed,4.41,0.0,141.21,165.0,306.21
MO-00477,N-00502,EQ-0015,T-016,2026-03-14,Corrective,Medium,Closed,5.4,4.34,297.08,255.0,552.08
MO-00478,N-00503,EQ-0089,T-010,2025-03-25,Preventive,High,Completed,7.27,0.0,399.98,255.0,654.98
MO-00479,N-00504,EQ-0024,T-023,2026-02-11,Preventive,Medium,Completed,3.94,0.0,216.76,0.0,216.76
MO-00480,N-00505,EQ-0092,T-019,2024-11-16,Corrective,Medium,Completed,3.36,6.44,184.65,491.0,675.65
MO-00481,N-00506,EQ-0093,T-010,2025-03-12,Preventive,High,Completed,3.38,0.0,185.84,0.0,185.84
MO-00482,N-00507,EQ-0059,T-005,2024-06-09,Preventive,Medium,Completed,11.01,0.0,605.36,510.0,1115.36
MO-00483,N-00508,EQ-0043,T-028,2025-06-21,Preventive,Medium,Completed,5.02,0.0,160.56,240.0,400.56
MO-00484,N-00509,EQ-0088,T-027,2024-08-06,Corrective,Medium,Completed,9.83,3.83,314.51,165.0,479.51
MO-00485,N-00510,EQ-0027,T-027,2024-05-10,Corrective,Medium,Completed,2.96,2.65,94.57,120.0,214.57
MO-00486,N-00511,EQ-0085,T-029,2026-03-10,Preventive,Medium,Completed,4.55,0.0,250.45,0.0,250.45
MO-00487,N-00512,EQ-0007,T-007,2025-04-26,Preventive,Medium,Completed,1.27,0.0,53.53,375.0,428.53
MO-00488,N-00513,EQ-0061,T-016,2026-06-30,Preventive,Medium,Completed,6.12,0.0,336.78,0.0,336.78
MO-00489,N-00514,EQ-0082,T-016,2025-11-28,Preventive,Medium,Completed,3.54,0.0,194.44,0.0,194.44
MO-00490,N-00515,EQ-0013,T-020,2024-09-16,Preventive,Medium,Completed,3.08,0.0,169.5,0.0,169.5
MO-00491,N-00516,EQ-0088,T-028,2024-01-10,Corrective,High,Closed,5.7,4.05,182.25,350.0,532.25
MO-00492,N-00517,EQ-0048,T-006,2024-11-07,Corrective,Medium,Open,3.63,3.51,116.15,590.0,706.15
MO-00493,N-00518,EQ-0096,T-014,2024-11-17,Corrective,High,Completed,5.58,2.79,178.59,350.0,528.59
MO-00494,N-00519,EQ-0037,T-006,2026-04-11,Preventive,Medium,Completed,3.17,0.0,101.3,3910.0,4011.3
MO-00495,N-00520,EQ-0011,T-001,2024-01-16,Preventive,Medium,Completed,2.12,0.0,116.53,380.0,496.53
MO-00496,N-00521,EQ-0097,T-002,2025-09-08,Preventive,Medium,Completed,16.6,0.0,697.33,271.0,968.33
MO-00497,N-00522,EQ-0055,T-024,2024-11-18,Corrective,High,Completed,3.38,0.92,142.16,525.0,667.16
MO-00498,N-00524,EQ-0066,T-021,2024-12-18,Preventive,Medium,Completed,4.57,0.0,191.96,0.0,191.96
MO-00499,N-00525,EQ-0064,T-003,2024-07-23,Preventive,Medium,Closed,0.83,0.0,34.79,0.0,34.79
MO-00500,N-00528,EQ-0008,T-023,2025-05-07,Corrective,Emergency,Completed,4.9,3.02,269.41,560.0,829.41
MO-00501,N-00529,EQ-0091,T-022,2026-04-23,Preventive,Medium,Completed,2.47,0.0,79.18,0.0,79.18
MO-00502,N-00530,EQ-0099,T-006,2025-09-23,Corrective,Medium,Completed,2.54,4.94,81.33,185.0,266.33
MO-00503,N-00532,EQ-0011,T-015,2025-05-07,Corrective,Medium,Closed,1.83,5.63,100.38,210.0,310.38
MO-00504,N-00533,EQ-0073,T-002,2026-04-15,Corrective,Medium,Completed,3.26,6.11,136.86,0.0,136.86
MO-00505,N-00534,EQ-0077,T-030,2024-07-03,Preventive,High,Completed,0.5,0.0,27.5,350.0,377.5
MO-00506,N-00535,EQ-0064,T-015,2025-08-04,Preventive,Medium,Completed,3.76,0.0,206.73,2500.0,2706.73
MO-00507,N-00536,EQ-0067,T-021,2025-05-29,Preventive,High,Completed,2.77,0.0,116.53,265.0,381.53
MO-00508,N-00537,EQ-0031,T-020,2024-10-16,Preventive,Medium,Completed,3.85,0.0,211.52,36.0,247.52
MO-00509,N-00538,EQ-0034,T-009,2025-08-30,Corrective,Medium,Completed,1.25,4.4,68.75,170.0,238.75
MO-00510,N-00539,EQ-0040,T-017,2025-12-31,Corrective,High,Completed,5.27,1.61,290.07,245.0,535.07
MO-00511,N-00540,EQ-0045,T-006,2025-05-13,Corrective,Medium,Completed,2.36,7.47,75.64,770.0,845.64
MO-00512,N-00542,EQ-0075,T-012,2024-08-20,Corrective,Medium,Open,3.12,1.01,99.85,715.0,814.85
MO-00513,N-00543,EQ-0071,T-026,2024-03-14,Corrective,Medium,Open,7.35,6.71,404.5,0.0,404.5
MO-00514,N-00544,EQ-0081,T-004,2025-01-13,Preventive,Medium,Completed,1.19,0.0,65.49,0.0,65.49
MO-00515,N-00545,EQ-0075,T-001,2025-09-18,Preventive,Low,Completed,5.31,0.0,291.86,350.0,641.86
MO-00516,N-00546,EQ-0037,T-008,2026-06-07,Corrective,Medium,Open,7.39,6.64,406.32,280.0,686.32
MO-00517,N-00547,EQ-0010,T-023,2025-01-11,Preventive,Medium,Completed,6.48,0.0,356.26,505.0,861.26
MO-00518,N-00548,EQ-0092,T-018,2024-09-18,Corrective,Medium,Completed,4.98,10.32,209.18,440.0,649.18
MO-00519,N-00549,EQ-0075,T-002,2025-11-15,Corrective,High,Completed,1.22,0.91,51.36,395.0,446.36
MO-00520,N-00550,EQ-0011,T-021,2024-10-27,Preventive,Medium,Completed,3.71,0.0,155.69,0.0,155.69
MO-00521,N-00551,EQ-0091,T-011,2024-12-17,Preventive,High,Completed,2.58,0.0,82.57,0.0,82.57
MO-00522,N-00552,EQ-0038,T-010,2025-07-20,Preventive,Medium,Completed,10.36,0.0,570.04,36.0,606.04
MO-00523,N-00553,EQ-0068,T-024,2024-12-27,Preventive,Low,Completed,2.8,0.0,117.57,0.0,117.57
MO-00524,N-00554,EQ-0080,T-016,2024-06-05,Preventive,Medium,Completed,9.41,0.0,517.63,65.0,582.63
MO-00525,N-00555,EQ-0074,T-019,2026-05-02,Corrective,High,Closed,4.22,7.8,232.22,3750.0,3982.22
MO-00526,N-00556,EQ-0015,T-016,2024-09-20,Preventive,Medium,Completed,4.15,0.0,228.01,285.0,513.01
MO-00527,N-00557,EQ-0002,T-014,2024-08-15,Preventive,Low,Completed,1.18,0.0,37.91,295.0,332.91
MO-00528,N-00558,EQ-0085,T-020,2025-09-01,Preventive,Low,Completed,1.41,0.0,77.69,444.0,521.69
MO-00529,N-00559,EQ-0028,T-026,2025-01-01,Preventive,Medium,Completed,5.86,0.0,322.25,0.0,322.25
MO-00530,N-00560,EQ-0001,T-006,2025-06-20,Preventive,Medium,Completed,13.73,0.0,439.24,565.0,1004.24
MO-00531,N-00561,EQ-0087,T-018,2025-06-24,Preventive,Medium,Closed,7.64,0.0,320.75,0.0,320.75
MO-00532,N-00562,EQ-0003,T-029,2025-01-10,Preventive,Low,Open,4.86,0.0,267.37,1670.0,1937.37
MO-00533,N-00563,EQ-0059,T-026,2024-02-03,Corrective,Medium,Completed,4.26,11.18,234.44,0.0,234.44
MO-00534,N-00564,EQ-0027,T-030,2026-06-16,Corrective,Medium,Completed,1.4,3.43,77.23,415.0,492.23
MO-00535,N-00566,EQ-0011,T-028,2025-02-05,Preventive,High,Completed,0.5,0.0,16.0,255.0,271.0
MO-00536,N-00567,EQ-0026,T-029,2026-05-21,Preventive,Medium,Completed,2.32,0.0,127.62,0.0,127.62
MO-00537,N-00568,EQ-0040,T-028,2024-11-03,Corrective,Medium,Closed,2.51,3.11,80.42,405.0,485.42
MO-00538,N-00569,EQ-0031,T-008,2025-05-21,Corrective,Medium,Completed,5.34,15.4,293.53,741.0,1034.53
MO-00539,N-00570,EQ-0089,T-011,2024-07-25,Preventive,Low,Completed,10.91,0.0,349.25,420.0,769.25
MO-00540,N-00571,EQ-0069,T-009,2025-05-20,Corrective,Medium,Completed,2.28,6.52,125.16,55.0,180.16
MO-00541,N-00572,EQ-0097,T-002,2025-11-19,Preventive,Medium,Completed,3.01,0.0,126.36,0.0,126.36
MO-00542,N-00573,EQ-0063,T-028,2026-04-25,Preventive,Medium,Completed,4.63,0.0,148.21,0.0,148.21
MO-00543,N-00575,EQ-0071,T-029,2025-01-27,Preventive,Medium,Closed,3.04,0.0,167.05,3870.0,4037.05
MO-00544,N-00576,EQ-0027,T-007,2025-01-11,Preventive,Medium,Completed,5.2,0.0,218.4,470.0,688.4
MO-00545,N-00577,EQ-0076,T-029,2024-12-06,Corrective,Low,Completed,3.47,6.53,190.79,247.0,437.79
MO-00546,N-00578,EQ-0077,T-025,2025-07-07,Preventive,Medium,Closed,6.48,0.0,207.39,420.0,627.39
MO-00547,N-00579,EQ-0035,T-014,2026-02-25,Corrective,Low,Completed,9.03,3.1,288.91,420.0,708.91
MO-00548,N-00580,EQ-0058,T-008,2024-04-08,Corrective,Medium,Completed,2.71,6.02,149.3,0.0,149.3
MO-00549,N-00581,EQ-0028,T-010,2026-05-05,Corrective,Medium,Completed,4.02,9.06,220.89,0.0,220.89
MO-00550,N-00582,EQ-0017,T-010,2024-10-10,Corrective,Medium,Completed,9.7,3.69,533.52,217.0,750.52
MO-00551,N-00583,EQ-0020,T-028,2024-03-24,Corrective,Medium,Completed,8.26,14.35,264.21,54.0,318.21
MO-00552,N-00584,EQ-0022,T-004,2025-04-10,Preventive,High,Closed,5.45,0.0,299.56,820.0,1119.56
MO-00553,N-00585,EQ-0017,T-030,2026-01-06,Preventive,Medium,Completed,1.43,0.0,78.82,18.0,96.82
MO-00554,N-00586,EQ-0021,T-013,2026-03-21,Preventive,Medium,Completed,1.11,0.0,60.91,130.0,190.91
MO-00555,N-00587,EQ-0039,T-014,2024-05-02,Preventive,Medium,Completed,8.47,0.0,271.13,810.0,1081.13
MO-00556,N-00588,EQ-0044,T-025,2025-04-07,Corrective,Medium,Completed,4.33,2.62,138.72,1610.0,1748.72
MO-00557,N-00589,EQ-0066,T-017,2026-05-11,Preventive,High,Completed,7.59,0.0,417.19,0.0,417.19
MO-00558,N-00590,EQ-0057,T-006,2026-05-29,Preventive,High,Completed,3.2,0.0,102.26,0.0,102.26
MO-00559,N-00591,EQ-0072,T-001,2025-11-30,Corrective,Medium,Completed,9.44,2.55,519.3,2500.0,3019.3
MO-00560,N-00592,EQ-0020,T-028,2025-04-02,Preventive,Low,Completed,5.12,0.0,163.86,0.0,163.86
MO-00561,N-00593,EQ-0039,T-013,2024-02-16,Preventive,Medium,Completed,6.4,0.0,352.24,0.0,352.24
MO-00562,N-00594,EQ-0029,T-017,2026-01-09,Corrective,High,Completed,1.99,9.13,109.71,900.0,1009.71
MO-00563,N-00595,EQ-0002,T-019,2024-05-27,Preventive,High,Completed,6.22,0.0,342.31,0.0,342.31
MO-00564,N-00597,EQ-0029,T-004,2025-06-06,Preventive,Low,Completed,0.84,0.0,46.46,0.0,46.46
MO-00565,N-00598,EQ-0070,T-009,2026-05-19,Corrective,Medium,Closed,8.75,12.62,481.51,3750.0,4231.51
MO-00566,N-00599,EQ-0085,T-025,2024-11-09,Preventive,Medium,Completed,1.34,0.0,43.01,0.0,43.01
MO-00567,N-00600,EQ-0036,T-028,2025-09-11,Preventive,Low,Closed,2.33,0.0,74.64,165.0,239.64
MO-00568,N-00602,EQ-0095,T-008,2024-07-07,Corrective,High,Completed,0.75,5.71,41.0,36.0,77.0
MO-00569,N-00603,EQ-0097,T-026,2025-08-04,Preventive,Low,Completed,1.74,0.0,95.61,190.0,285.61
MO-00570,N-00604,EQ-0021,T-026,2024-10-01,Preventive,Medium,Completed,6.91,0.0,380.21,0.0,380.21
MO-00571,N-00605,EQ-0063,T-025,2024-04-16,Preventive,Medium,Closed,3.83,0.0,122.55,0.0,122.55
MO-00572,N-00606,EQ-0086,T-023,2024-10-03,Preventive,Low,Completed,8.92,0.0,490.67,170.0,660.67
MO-00573,N-00607,EQ-0019,T-010,2024-01-14,Corrective,Low,Completed,6.77,13.99,372.5,440.0,812.5
MO-00574,N-00608,EQ-0019,T-030,2025-08-26,Preventive,Medium,Closed,2.95,0.0,161.98,0.0,161.98
MO-00575,N-00609,EQ-0060,T-012,2024-08-13,Corrective,Medium,Completed,10.43,3.75,333.81,606.0,939.81
MO-00576,N-00610,EQ-0025,T-016,2025-11-04,Preventive,Medium,Completed,2.65,0.0,145.57,0.0,145.57
MO-00577,N-00611,EQ-0015,T-006,2025-03-02,Corrective,High,Completed,4.98,9.59,159.38,96.0,255.38
MO-00578,N-00612,EQ-0047,T-026,2024-05-01,Preventive,High,Completed,7.67,0.0,422.06,620.0,1042.06
MO-00579,N-00613,EQ-0093,T-002,2026-03-11,Corrective,High,Completed,6.53,4.84,274.18,514.0,788.18
MO-00580,N-00614,EQ-0074,T-010,2025-10-23,Preventive,Medium,Completed,3.06,0.0,168.29,0.0,168.29
MO-00581,N-00615,EQ-0088,T-018,2024-08-08,Corrective,High,Completed,8.04,5.09,337.54,0.0,337.54
MO-00582,N-00616,EQ-0057,T-013,2025-07-22,Corrective,Low,Completed,1.99,7.68,109.2,0.0,109.2
MO-00583,N-00617,EQ-0058,T-020,2026-05-23,Corrective,Medium,Completed,2.55,12.29,140.28,36.0,176.28
MO-00584,N-00618,EQ-0048,T-028,2025-06-20,Corrective,Medium,Completed,7.25,4.51,231.96,960.0,1191.96
MO-00585,N-00619,EQ-0060,T-027,2026-05-17,Corrective,Low,Completed,9.44,5.67,302.16,430.0,732.16
MO-00586,N-00620,EQ-0055,T-027,2024-03-24,Preventive,High,Completed,5.03,0.0,161.0,360.0,521.0
MO-00587,N-00621,EQ-0002,T-009,2025-06-30,Preventive,Medium,Completed,3.12,0.0,171.81,1335.0,1506.81
MO-00588,N-00622,EQ-0021,T-009,2025-05-26,Corrective,Low,Completed,6.37,6.41,350.27,0.0,350.27
MO-00589,N-00623,EQ-0004,T-006,2025-12-08,Corrective,Medium,Completed,0.5,5.13,16.0,54.0,70.0
MO-00590,N-00624,EQ-0078,T-012,2025-04-30,Preventive,Medium,Completed,6.32,0.0,202.26,0.0,202.26
MO-00591,N-00625,EQ-0019,T-013,2025-01-20,Preventive,Medium,Completed,1.65,0.0,90.87,0.0,90.87
MO-00592,N-00626,EQ-0063,T-019,2025-11-13,Corrective,High,Closed,2.5,11.95,137.49,135.0,272.49
MO-00593,N-00627,EQ-0073,T-005,2026-05-28,Corrective,Medium,Open,1.7,3.3,93.27,275.0,368.27
MO-00594,N-00628,EQ-0027,T-007,2025-11-30,Preventive,High,Completed,2.42,0.0,101.51,204.0,305.51
MO-00595,N-00629,EQ-0062,T-029,2025-01-11,Corrective,Medium,Completed,9.99,4.3,549.57,485.0,1034.57
MO-00596,N-00630,EQ-0020,T-003,2026-04-20,Preventive,Medium,Completed,6.42,0.0,269.6,0.0,269.6
MO-00597,N-00631,EQ-0012,T-022,2024-12-18,Preventive,High,Closed,1.43,0.0,45.81,220.0,265.81
MO-00598,N-00632,EQ-0003,T-001,2025-08-28,Preventive,High,Completed,3.38,0.0,185.86,0.0,185.86
MO-00599,N-00633,EQ-0085,T-028,2024-07-23,Corrective,Medium,Open,4.08,16.35,130.5,0.0,130.5
MO-00600,N-00634,EQ-0064,T-014,2024-03-14,Corrective,Low,Completed,1.04,1.01,33.19,315.0,348.19
MO-00601,N-00635,EQ-0001,T-003,2024-03-01,Corrective,Medium,Completed,3.9,12.76,163.7,0.0,163.7
MO-00602,N-00636,EQ-0004,T-006,2025-02-06,Preventive,Low,Completed,3.18,0.0,101.89,45.0,146.89
MO-00603,N-00637,EQ-0033,T-021,2025-09-11,Preventive,Medium,Completed,10.22,0.0,429.34,195.0,624.34
MO-00604,N-00638,EQ-0055,T-004,2024-09-01,Preventive,Medium,Completed,5.95,0.0,327.46,130.0,457.46
MO-00605,N-00639,EQ-0027,T-022,2026-06-05,Corrective,Medium,Completed,2.26,12.8,72.24,510.0,582.24
MO-00606,N-00640,EQ-0041,T-019,2026-02-12,Corrective,Medium,Open,3.88,7.98,213.51,120.0,333.51
MO-00607,N-00641,EQ-0065,T-021,2024-02-03,Preventive,Medium,Completed,3.52,0.0,147.95,0.0,147.95
MO-00608,N-00642,EQ-0095,T-014,2025-10-03,Preventive,High,Completed,0.5,0.0,16.0,0.0,16.0
MO-00609,N-00643,EQ-0098,T-013,2025-10-27,Preventive,Medium,Completed,1.45,0.0,79.72,0.0,79.72
MO-00610,N-00644,EQ-0040,T-018,2026-05-06,Corrective,High,Completed,12.59,5.27,528.86,610.0,1138.86
MO-00611,N-00645,EQ-0074,T-022,2026-06-19,Preventive,Medium,Completed,5.84,0.0,186.81,45.0,231.81
MO-00612,N-00646,EQ-0040,T-029,2025-06-01,Corrective,High,Completed,7.54,13.71,414.91,0.0,414.91
MO-00613,N-00647,EQ-0075,T-012,2024-01-13,Corrective,High,Completed,10.71,0.5,342.77,0.0,342.77
MO-00614,N-00648,EQ-0098,T-011,2026-01-26,Preventive,Medium,Completed,14.13,0.0,452.01,135.0,587.01
MO-00615,N-00649,EQ-0012,T-006,2025-12-20,Preventive,Medium,Completed,7.0,0.0,223.85,2590.0,2813.85
MO-00616,N-00650,EQ-0071,T-012,2026-03-31,Preventive,Medium,Completed,2.51,0.0,80.3,65.0,145.3
MO-00617,N-00651,EQ-0072,T-023,2024-07-18,Preventive,Low,Closed,5.72,0.0,314.66,0.0,314.66
MO-00618,N-00652,EQ-0005,T-006,2025-01-03,Preventive,Low,Completed,2.85,0.0,91.15,0.0,91.15
MO-00619,N-00653,EQ-0008,T-012,2026-05-05,Preventive,Medium,Completed,2.85,0.0,91.11,980.0,1071.11
MO-00620,N-00654,EQ-0044,T-020,2024-01-16,Corrective,Medium,Completed,2.46,13.93,135.23,820.0,955.23
MO-00621,N-00655,EQ-0029,T-002,2025-02-03,Preventive,Medium,Completed,5.67,0.0,238.09,0.0,238.09
MO-00622,N-00656,EQ-0062,T-010,2024-12-10,Preventive,Medium,Completed,7.79,0.0,428.29,0.0,428.29
MO-00623,N-00657,EQ-0058,T-016,2024-01-02,Preventive,Medium,Completed,7.84,0.0,431.01,0.0,431.01
MO-00624,N-00658,EQ-0065,T-007,2025-06-05,Corrective,High,Completed,5.87,2.23,246.65,3240.0,3486.65
MO-00625,N-00659,EQ-0087,T-027,2024-07-17,Preventive,Medium,Completed,1.91,0.0,60.97,415.0,475.97
MO-00626,N-00660,EQ-0002,T-021,2024-11-18,Preventive,Medium,Completed,2.21,0.0,92.66,64.0,156.66
MO-00627,N-00661,EQ-0053,T-022,2025-08-18,Preventive,Medium,Completed,1.87,0.0,59.78,670.0,729.78
MO-00628,N-00662,EQ-0044,T-019,2026-06-09,Corrective,Emergency,Completed,1.36,9.94,75.02,639.0,714.02
MO-00629,N-00664,EQ-0053,T-016,2025-10-07,Corrective,Medium,Completed,4.86,9.08,267.4,0.0,267.4
MO-00630,N-00665,EQ-0018,T-005,2025-12-05,Preventive,Low,Open,2.87,0.0,158.02,90.0,248.02
MO-00631,N-00668,EQ-0055,T-005,2024-11-24,Preventive,Medium,Completed,3.46,0.0,190.56,193.0,383.56
MO-00632,N-00669,EQ-0017,T-014,2025-12-11,Corrective,Low,Completed,2.61,9.35,83.55,2710.0,2793.55
MO-00633,N-00670,EQ-0044,T-011,2024-05-03,Preventive,Medium,Completed,4.46,0.0,142.66,3940.0,4082.66
MO-00634,N-00671,EQ-0011,T-020,2025-04-09,Corrective,Medium,Open,2.99,0.9,164.39,420.0,584.39
MO-00635,N-00672,EQ-0028,T-004,2024-09-23,Preventive,Medium,Completed,5.29,0.0,291.14,0.0,291.14
MO-00636,N-00673,EQ-0064,T-019,2024-06-05,Preventive,Medium,Completed,5.67,0.0,312.09,0.0,312.09
MO-00637,N-00674,EQ-0064,T-017,2025-08-27,Preventive,Medium,Completed,2.66,0.0,146.34,0.0,146.34
MO-00638,N-00675,EQ-0007,T-016,2026-05-25,Preventive,Low,Completed,5.61,0.0,308.62,0.0,308.62
MO-00639,N-00676,EQ-0064,T-017,2026-05-14,Preventive,Medium,Completed,5.16,0.0,283.67,2500.0,2783.67
MO-00640,N-00677,EQ-0051,T-019,2024-05-24,Preventive,Medium,Completed,4.28,0.0,235.51,675.0,910.51
MO-00641,N-00678,EQ-0040,T-022,2026-05-19,Preventive,Medium,Closed,1.22,0.0,39.17,0.0,39.17
MO-00642,N-00679,EQ-0034,T-009,2025-08-14,Corrective,Medium,Completed,13.4,9.26,737.18,0.0,737.18
MO-00643,N-00680,EQ-0051,T-020,2024-08-04,Corrective,Medium,Completed,2.2,8.96,120.93,525.0,645.93
MO-00644,N-00682,EQ-0008,T-017,2024-12-12,Preventive,Medium,Completed,9.44,0.0,519.45,0.0,519.45
MO-00645,N-00683,EQ-0041,T-013,2025-05-11,Corrective,Low,Completed,1.37,17.02,75.46,234.0,309.46
MO-00646,N-00684,EQ-0039,T-021,2026-02-13,Corrective,High,Completed,4.73,3.45,198.56,4118.0,4316.56
MO-00647,N-00685,EQ-0044,T-026,2025-12-31,Corrective,Medium,Completed,12.24,3.04,673.01,96.0,769.01
MO-00648,N-00686,EQ-0094,T-023,2025-10-04,Corrective,Low,Completed,3.25,6.02,178.88,915.0,1093.88
MO-00649,N-00687,EQ-0062,T-015,2024-05-04,Preventive,Medium,Completed,11.01,0.0,605.5,0.0,605.5
MO-00650,N-00688,EQ-0003,T-020,2025-11-05,Corrective,Medium,Completed,3.11,1.2,170.82,0.0,170.82
MO-00651,N-00689,EQ-0011,T-016,2025-01-12,Preventive,Medium,Completed,3.82,0.0,210.01,350.0,560.01
MO-00652,N-00690,EQ-0022,T-017,2025-09-11,Corrective,High,Completed,6.63,3.87,364.7,485.0,849.7
MO-00653,N-00691,EQ-0023,T-010,2024-07-01,Preventive,High,Completed,2.66,0.0,146.34,0.0,146.34
MO-00654,N-00692,EQ-0003,T-006,2025-12-13,Corrective,Low,Completed,4.66,8.75,149.11,0.0,149.11
MO-00655,N-00693,EQ-0070,T-030,2025-10-12,Preventive,High,Closed,12.95,0.0,712.49,95.0,807.49
MO-00656,N-00694,EQ-0057,T-029,2025-05-20,Preventive,Medium,Completed,8.92,0.0,490.87,90.0,580.87
MO-00657,N-00695,EQ-0035,T-003,2025-04-17,Preventive,Medium,Completed,3.36,0.0,140.99,740.0,880.99
MO-00658,N-00696,EQ-0066,T-017,2024-08-23,Corrective,Medium,Completed,14.92,9.2,820.5,3090.0,3910.5
MO-00659,N-00697,EQ-0001,T-027,2024-01-12,Preventive,Low,Completed,1.79,0.0,57.19,64.0,121.19
MO-00660,N-00698,EQ-0001,T-012,2025-10-11,Preventive,Medium,Completed,8.65,0.0,276.85,240.0,516.85
MO-00661,N-00699,EQ-0036,T-014,2024-04-08,Preventive,Medium,Completed,3.17,0.0,101.35,190.0,291.35
MO-00662,N-00700,EQ-0080,T-018,2025-09-12,Preventive,Low,Completed,3.42,0.0,143.63,138.0,281.63
MO-00663,N-00701,EQ-0004,T-003,2025-11-17,Corrective,Medium,Open,0.94,9.62,39.66,420.0,459.66
MO-00664,N-00702,EQ-0025,T-001,2025-02-25,Corrective,High,Completed,1.67,3.81,91.95,635.0,726.95
MO-00665,N-00703,EQ-0013,T-019,2025-01-17,Corrective,Low,Open,6.02,16.17,331.35,95.0,426.35
MO-00666,N-00704,EQ-0039,T-015,2024-11-21,Corrective,Medium,Completed,3.73,3.87,204.88,0.0,204.88
MO-00667,N-00705,EQ-0098,T-021,2024-09-12,Corrective,Medium,Completed,4.94,6.28,207.49,0.0,207.49
MO-00668,N-00706,EQ-0094,T-028,2024-09-16,Corrective,Low,Completed,1.46,1.89,46.81,314.0,360.81
MO-00669,N-00707,EQ-0094,T-029,2025-07-23,Preventive,High,Completed,4.69,0.0,257.9,310.0,567.9
MO-00670,N-00708,EQ-0003,T-003,2024-10-19,Corrective,Medium,Completed,7.33,4.16,307.73,360.0,667.73
MO-00671,N-00709,EQ-0017,T-025,2024-07-21,Corrective,Medium,Completed,9.48,3.2,303.33,404.0,707.33
MO-00672,N-00710,EQ-0081,T-004,2025-05-16,Preventive,Medium,Completed,4.58,0.0,251.7,2630.0,2881.7
MO-00673,N-00711,EQ-0046,T-014,2026-06-11,Preventive,Low,Completed,1.93,0.0,61.82,0.0,61.82
MO-00674,N-00712,EQ-0082,T-002,2024-10-24,Preventive,Medium,Completed,1.93,0.0,80.9,0.0,80.9
MO-00675,N-00713,EQ-0038,T-012,2024-05-30,Corrective,Emergency,Closed,8.34,1.74,266.76,420.0,686.76
MO-00676,N-00714,EQ-0037,T-024,2026-05-20,Corrective,Medium,Completed,2.05,7.62,85.97,345.0,430.97
MO-00677,N-00715,EQ-0029,T-014,2025-03-21,Preventive,Medium,Completed,6.52,0.0,208.71,240.0,448.71
MO-00678,N-00716,EQ-0051,T-003,2026-05-24,Preventive,Medium,Completed,0.6,0.0,25.16,305.0,330.16
MO-00679,N-00718,EQ-0035,T-016,2025-09-11,Corrective,Medium,Completed,3.62,4.67,199.19,96.0,295.19
MO-00680,N-00719,EQ-0011,T-002,2025-06-02,Preventive,Medium,Completed,1.55,0.0,65.13,180.0,245.13
MO-00681,N-00720,EQ-0070,T-022,2025-01-26,Preventive,Medium,Completed,11.07,0.0,354.13,620.0,974.13
MO-00682,N-00721,EQ-0089,T-013,2025-12-15,Corrective,Medium,Completed,7.02,1.31,385.94,620.0,1005.94
MO-00683,N-00722,EQ-0099,T-026,2025-11-12,Corrective,Medium,Completed,3.53,12.43,194.1,380.0,574.1
MO-00684,N-00723,EQ-0011,T-026,2025-03-07,Corrective,Medium,Completed,10.63,5.99,584.65,621.0,1205.65
MO-00685,N-00724,EQ-0096,T-014,2025-07-03,Corrective,Low,Completed,2.36,2.84,75.53,485.0,560.53
MO-00686,N-00725,EQ-0099,T-019,2026-01-14,Preventive,Medium,Completed,4.75,0.0,261.08,190.0,451.08
MO-00687,N-00726,EQ-0058,T-030,2025-05-05,Preventive,Low,Completed,2.87,0.0,158.1,90.0,248.1
MO-00688,N-00727,EQ-0001,T-014,2025-10-13,Corrective,Medium,Completed,2.18,11.18,69.79,1020.0,1089.79
MO-00689,N-00728,EQ-0098,T-023,2026-02-05,Preventive,Medium,Completed,7.24,0.0,398.21,240.0,638.21
MO-00690,N-00729,EQ-0013,T-002,2025-09-09,Preventive,Medium,Completed,6.67,0.0,280.18,108.0,388.18
MO-00691,N-00730,EQ-0012,T-016,2024-02-22,Preventive,Medium,Completed,4.93,0.0,271.32,190.0,461.32
MO-00692,N-00731,EQ-0031,T-029,2024-04-11,Preventive,High,Completed,8.15,0.0,448.06,350.0,798.06
MO-00693,N-00732,EQ-0091,T-007,2025-10-01,Preventive,Medium,Completed,3.09,0.0,129.71,285.0,414.71
MO-00694,N-00733,EQ-0069,T-001,2025-04-20,Corrective,Low,Completed,8.31,3.79,456.97,420.0,876.97
MO-00695,N-00734,EQ-0079,T-015,2025-01-19,Preventive,High,Completed,6.08,0.0,334.4,0.0,334.4
MO-00696,N-00735,EQ-0031,T-026,2025-05-12,Preventive,Medium,Completed,11.18,0.0,614.98,0.0,614.98
MO-00697,N-00736,EQ-0080,T-016,2024-09-22,Corrective,Medium,Completed,13.13,7.71,722.01,4310.0,5032.01
MO-00698,N-00737,EQ-0080,T-008,2024-08-06,Preventive,Low,Completed,4.93,0.0,271.38,0.0,271.38
MO-00699,N-00738,EQ-0040,T-020,2025-12-27,Preventive,Medium,Open,1.42,0.0,78.1,165.0,243.1
MO-00700,N-00739,EQ-0079,T-011,2026-03-03,Corrective,Medium,Completed,1.34,8.26,42.91,170.0,212.91
MO-00701,N-00740,EQ-0079,T-006,2024-02-06,Preventive,Medium,Completed,11.99,0.0,383.67,190.0,573.67
MO-00702,N-00741,EQ-0002,T-004,2025-10-28,Preventive,Medium,Completed,3.49,0.0,191.69,0.0,191.69
MO-00703,N-00743,EQ-0053,T-026,2026-04-26,Corrective,High,Completed,3.19,9.53,175.3,0.0,175.3
MO-00704,N-00744,EQ-0004,T-026,2024-05-26,Preventive,Medium,Completed,5.63,0.0,309.48,0.0,309.48
MO-00705,N-00745,EQ-0044,T-016,2026-02-06,Preventive,Medium,Completed,6.13,0.0,336.99,160.0,496.99
MO-00706,N-00746,EQ-0027,T-013,2025-11-04,Preventive,Medium,Completed,3.82,0.0,210.25,85.0,295.25
MO-00707,N-00747,EQ-0081,T-015,2025-03-04,Corrective,Medium,Completed,8.12,0.5,446.47,3750.0,4196.47
MO-00708,N-00748,EQ-0079,T-001,2026-05-15,Preventive,Medium,Completed,2.48,0.0,136.26,300.0,436.26
MO-00709,N-00749,EQ-0091,T-026,2025-04-29,Preventive,Medium,Completed,1.08,0.0,59.18,0.0,59.18
MO-00710,N-00750,EQ-0064,T-021,2025-02-08,Preventive,Low,Completed,4.54,0.0,190.64,255.0,445.64
MO-00711,N-00751,EQ-0001,T-019,2024-07-31,Preventive,Low,Completed,6.85,0.0,377.02,0.0,377.02
MO-00712,N-00752,EQ-0035,T-027,2025-10-05,Preventive,Medium,Completed,1.81,0.0,57.99,0.0,57.99
MO-00713,N-00753,EQ-0008,T-029,2025-11-23,Preventive,Medium,Completed,2.37,0.0,130.17,4035.0,4165.17
MO-00714,N-00754,EQ-0088,T-007,2025-10-03,Preventive,Low,Completed,7.8,0.0,327.71,0.0,327.71
MO-00715,N-00755,EQ-0085,T-014,2024-01-09,Corrective,High,Completed,8.17,7.7,261.57,55.0,316.57
MO-00716,N-00756,EQ-0035,T-017,2025-07-15,Corrective,Medium,Completed,11.29,4.36,621.18,0.0,621.18
MO-00717,N-00757,EQ-0062,T-030,2024-10-27,Preventive,Medium,Completed,3.23,0.0,177.81,350.0,527.81
MO-00718,N-00758,EQ-0095,T-017,2026-04-26,Corrective,Medium,Completed,3.57,4.62,196.11,0.0,196.11
MO-00719,N-00759,EQ-0085,T-028,2025-08-12,Corrective,Medium,Completed,5.27,0.73,168.68,214.0,382.68
MO-00720,N-00760,EQ-0023,T-011,2024-01-31,Corrective,Medium,Closed,0.61,4.09,19.38,4015.0,4034.38
MO-00721,N-00761,EQ-0014,T-002,2024-03-04,Corrective,Low,Open,1.93,10.97,81.23,0.0,81.23
MO-00722,N-00762,EQ-0081,T-022,2024-08-15,Preventive,Medium,Completed,4.91,0.0,156.99,0.0,156.99
MO-00723,N-00763,EQ-0004,T-008,2025-10-02,Corrective,High,Completed,3.32,11.15,182.83,336.0,518.83
MO-00724,N-00764,EQ-0094,T-008,2025-01-30,Preventive,Medium,Completed,2.3,0.0,126.24,557.0,683.24
MO-00725,N-00765,EQ-0081,T-016,2024-01-11,Preventive,Medium,Completed,1.78,0.0,98.0,0.0,98.0
MO-00726,N-00766,EQ-0028,T-023,2024-08-10,Preventive,Medium,Completed,3.45,0.0,189.92,0.0,189.92
MO-00727,N-00767,EQ-0006,T-008,2024-07-10,Preventive,Medium,Open,11.14,0.0,612.96,0.0,612.96
MO-00728,N-00768,EQ-0078,T-007,2026-05-12,Preventive,Medium,Completed,2.5,0.0,104.81,0.0,104.81
MO-00729,N-00769,EQ-0025,T-030,2025-11-10,Corrective,Medium,Completed,4.52,7.01,248.86,0.0,248.86
MO-00730,N-00770,EQ-0022,T-025,2024-03-01,Preventive,Low,Completed,5.08,0.0,162.57,64.0,226.57
MO-00731,N-00771,EQ-0079,T-012,2026-01-03,Corrective,Medium,Completed,0.74,9.02,23.67,254.0,277.67
MO-00732,N-00772,EQ-0088,T-028,2024-12-20,Corrective,Medium,Completed,2.79,3.91,89.13,285.0,374.13
MO-00733,N-00774,EQ-0037,T-006,2024-03-30,Preventive,Medium,Open,4.14,0.0,132.48,3750.0,3882.48
MO-00734,N-00775,EQ-0061,T-019,2025-01-03,Preventive,Low,Completed,5.68,0.0,312.26,0.0,312.26
MO-00735,N-00776,EQ-0034,T-017,2026-03-20,Corrective,High,Completed,1.29,2.47,71.15,630.0,701.15
MO-00736,N-00778,EQ-0081,T-021,2025-12-31,Corrective,Medium,Closed,8.39,3.55,352.58,550.0,902.58
MO-00737,N-00779,EQ-0069,T-022,2025-06-13,Preventive,Low,Completed,10.4,0.0,332.65,90.0,422.65
MO-00738,N-00780,EQ-0100,T-017,2026-02-18,Preventive,Low,Completed,0.5,0.0,27.5,3804.0,3831.5
MO-00739,N-00781,EQ-0067,T-027,2025-02-13,Corrective,High,Completed,2.89,11.61,92.64,0.0,92.64
MO-00740,N-00782,EQ-0042,T-013,2024-08-31,Corrective,High,Closed,14.05,5.03,772.91,96.0,868.91
MO-00741,N-00783,EQ-0043,T-020,2024-10-14,Corrective,Medium,Completed,1.85,3.52,101.96,675.0,776.96
MO-00742,N-00784,EQ-0097,T-005,2024-12-09,Corrective,Medium,Completed,1.27,3.14,69.89,0.0,69.89
MO-00743,N-00785,EQ-0080,T-020,2024-08-08,Corrective,Medium,Completed,5.45,8.72,299.92,665.0,964.92
MO-00744,N-00786,EQ-0050,T-008,2024-10-17,Corrective,High,Completed,10.85,4.25,596.92,95.0,691.92
MO-00745,N-00787,EQ-0018,T-011,2025-12-05,Corrective,Medium,Completed,4.04,13.44,129.17,0.0,129.17
MO-00746,N-00788,EQ-0075,T-006,2025-11-17,Corrective,Emergency,Completed,2.33,5.6,74.6,3060.0,3134.6
MO-00747,N-00789,EQ-0008,T-013,2024-11-06,Preventive,Low,Completed,5.19,0.0,285.64,32.0,317.64
MO-00748,N-00790,EQ-0087,T-002,2025-04-21,Corrective,Low,Completed,4.59,2.97,192.62,0.0,192.62
MO-00749,N-00791,EQ-0026,T-021,2024-06-11,Corrective,High,Completed,0.77,5.77,32.18,96.0,128.18
MO-00750,N-00792,EQ-0078,T-004,2025-10-26,Corrective,High,Completed,10.88,1.66,598.43,165.0,763.43
MO-00751,N-00793,EQ-0021,T-020,2025-09-06,Preventive,Low,Completed,4.49,0.0,247.01,0.0,247.01
MO-00752,N-00794,EQ-0012,T-014,2025-12-23,Corrective,Medium,Completed,6.51,6.83,208.44,446.0,654.44
MO-00753,N-00795,EQ-0036,T-010,2024-01-08,Corrective,Medium,Completed,3.12,2.71,171.87,190.0,361.87
MO-00754,N-00796,EQ-0016,T-004,2026-05-26,Corrective,High,Completed,2.24,11.51,123.14,1625.0,1748.14
MO-00755,N-00797,EQ-0023,T-017,2024-09-28,Corrective,High,Closed,4.34,1.9,238.73,725.0,963.73
MO-00756,N-00798,EQ-0099,T-017,2026-03-12,Corrective,High,Completed,6.99,16.48,384.52,720.0,1104.52
MO-00757,N-00799,EQ-0051,T-025,2026-02-24,Corrective,Medium,Open,10.65,4.14,340.64,0.0,340.64
MO-00758,N-00800,EQ-0025,T-010,2025-04-28,Preventive,Medium,Completed,10.06,0.0,553.4,160.0,713.4
MO-00759,N-00801,EQ-0097,T-019,2024-03-24,Corrective,Emergency,Completed,10.49,11.81,576.68,940.0,1516.68
MO-00760,N-00802,EQ-0019,T-005,2026-01-03,Preventive,Medium,Open,5.14,0.0,282.43,85.0,367.43
MO-00761,N-00803,EQ-0033,T-008,2025-08-17,Corrective,Medium,Completed,1.06,7.74,58.07,1105.0,1163.07
MO-00762,N-00804,EQ-0072,T-006,2025-02-11,Preventive,Medium,Completed,1.41,0.0,45.11,0.0,45.11
MO-00763,N-00807,EQ-0099,T-021,2025-10-21,Corrective,Medium,Completed,3.49,6.72,146.55,0.0,146.55
MO-00764,N-00808,EQ-0085,T-026,2024-08-21,Preventive,Medium,Completed,2.24,0.0,123.13,170.0,293.13
MO-00765,N-00810,EQ-0078,T-002,2024-12-02,Corrective,Medium,Closed,3.21,4.11,134.65,0.0,134.65
MO-00766,N-00811,EQ-0074,T-021,2026-03-14,Corrective,Medium,Completed,6.49,10.62,272.68,506.0,778.68
MO-00767,N-00812,EQ-0094,T-007,2025-09-30,Corrective,Medium,Completed,1.23,4.8,51.64,3075.0,3126.64
MO-00768,N-00813,EQ-0052,T-006,2025-10-15,Corrective,Medium,Completed,0.58,8.04,18.56,0.0,18.56
MO-00769,N-00814,EQ-0097,T-018,2024-09-01,Corrective,Low,Completed,9.03,4.4,379.1,0.0,379.1
MO-00770,N-00815,EQ-0073,T-022,2026-04-14,Preventive,Medium,Completed,3.22,0.0,102.9,165.0,267.9
MO-00771,N-00816,EQ-0085,T-028,2025-08-17,Corrective,Medium,Completed,2.04,4.15,65.39,0.0,65.39
MO-00772,N-00817,EQ-0094,T-018,2025-10-06,Corrective,High,Completed,2.39,6.58,100.53,475.0,575.53
MO-00773,N-00818,EQ-0023,T-029,2026-01-30,Preventive,Low,Completed,5.98,0.0,329.04,620.0,949.04
MO-00774,N-00819,EQ-0087,T-013,2024-06-02,Preventive,Medium,Completed,3.41,0.0,187.74,4275.0,4462.74
MO-00775,N-00820,EQ-0077,T-020,2024-03-22,Preventive,Medium,Completed,2.23,0.0,122.4,0.0,122.4
MO-00776,N-00821,EQ-0029,T-011,2025-04-24,Corrective,Medium,Completed,1.75,2.54,55.85,0.0,55.85
MO-00777,N-00822,EQ-0083,T-012,2024-06-25,Corrective,Low,Completed,4.11,4.7,131.45,520.0,651.45
MO-00778,N-00823,EQ-0073,T-007,2025-04-02,Corrective,Medium,Completed,5.8,7.93,243.53,510.0,753.53
MO-00779,N-00824,EQ-0034,T-017,2025-04-09,Corrective,Low,Completed,4.89,3.82,269.16,2660.0,2929.16
MO-00780,N-00826,EQ-0078,T-021,2024-08-21,Corrective,Medium,Open,10.84,2.82,455.22,0.0,455.22
MO-00781,N-00827,EQ-0005,T-022,2025-11-14,Corrective,High,Completed,8.68,7.09,277.62,0.0,277.62
MO-00782,N-00828,EQ-0012,T-019,2025-10-25,Preventive,High,Completed,7.48,0.0,411.67,440.0,851.67
MO-00783,N-00829,EQ-0054,T-002,2026-06-16,Corrective,Medium,Completed,8.72,2.61,366.04,2500.0,2866.04
MO-00784,N-00830,EQ-0012,T-022,2024-07-24,Preventive,Low,Completed,3.59,0.0,115.02,0.0,115.02
MO-00785,N-00831,EQ-0091,T-009,2026-06-24,Corrective,Medium,Completed,1.41,2.94,77.81,90.0,167.81
MO-00786,N-00832,EQ-0073,T-003,2025-01-28,Corrective,High,Completed,4.56,14.98,191.52,633.0,824.52
MO-00787,N-00833,EQ-0035,T-021,2025-10-17,Preventive,High,Completed,2.21,0.0,93.02,0.0,93.02
MO-00788,N-00834,EQ-0019,T-023,2025-02-19,Preventive,Medium,Completed,3.05,0.0,167.92,690.0,857.92
MO-00789,N-00835,EQ-0056,T-029,2025-09-08,Preventive,Medium,Open,9.49,0.0,522.13,167.0,689.13
MO-00790,N-00836,EQ-0005,T-021,2026-05-27,Preventive,Medium,Completed,3.14,0.0,131.74,325.0,456.74
MO-00791,N-00837,EQ-0048,T-016,2024-09-02,Preventive,Low,Closed,5.8,0.0,318.88,165.0,483.88
MO-00792,N-00838,EQ-0035,T-012,2025-04-12,Corrective,Emergency,Closed,0.97,9.52,30.97,3750.0,3780.97
MO-00793,N-00839,EQ-0100,T-024,2024-01-17,Preventive,Medium,Completed,1.56,0.0,65.58,170.0,235.58
MO-00794,N-00840,EQ-0052,T-018,2025-04-09,Preventive,High,Completed,1.53,0.0,64.33,445.0,509.33
MO-00795,N-00841,EQ-0013,T-016,2024-01-11,Preventive,Medium,Completed,4.07,0.0,223.79,0.0,223.79
MO-00796,N-00842,EQ-0071,T-019,2025-01-21,Corrective,High,Completed,7.32,6.36,402.34,3750.0,4152.34
MO-00797,N-00843,EQ-0082,T-021,2025-05-22,Preventive,Low,Completed,1.35,0.0,56.85,380.0,436.85
MO-00798,N-00844,EQ-0072,T-027,2024-03-16,Preventive,Medium,Completed,1.51,0.0,48.16,0.0,48.16
MO-00799,N-00845,EQ-0054,T-014,2025-08-11,Corrective,High,Completed,12.15,4.69,388.75,1575.0,1963.75
MO-00800,N-00846,EQ-0020,T-008,2025-12-02,Corrective,Medium,Completed,12.56,3.59,690.67,77.0,767.67
MO-00801,N-00847,EQ-0009,T-027,2024-04-06,Corrective,High,Completed,6.07,2.19,194.15,291.0,485.15
MO-00802,N-00848,EQ-0081,T-025,2026-04-21,Corrective,Low,Completed,1.66,0.84,52.98,2500.0,2552.98
MO-00803,N-00849,EQ-0018,T-029,2025-01-13,Corrective,Low,Open,6.92,3.51,380.6,0.0,380.6
MO-00804,N-00850,EQ-0099,T-019,2024-09-11,Corrective,Medium,Closed,4.31,6.43,237.18,0.0,237.18
MO-00805,N-00851,EQ-0016,T-018,2024-11-08,Preventive,Medium,Completed,2.92,0.0,122.54,0.0,122.54
MO-00806,N-00852,EQ-0071,T-029,2025-02-02,Corrective,Medium,Completed,1.77,3.56,97.52,190.0,287.52
MO-00807,N-00853,EQ-0006,T-022,2024-04-18,Preventive,Medium,Completed,6.03,0.0,193.05,0.0,193.05
MO-00808,N-00854,EQ-0052,T-030,2024-11-30,Corrective,Medium,Completed,2.68,5.52,147.5,0.0,147.5
MO-00809,N-00855,EQ-0077,T-005,2024-05-10,Corrective,High,Completed,4.14,27.04,227.55,754.0,981.55
MO-00810,N-00856,EQ-0041,T-029,2025-07-03,Preventive,Medium,Completed,0.55,0.0,30.25,1250.0,1280.25
MO-00811,N-00857,EQ-0012,T-020,2024-12-14,Preventive,Medium,Completed,3.19,0.0,175.35,265.0,440.35
MO-00812,N-00858,EQ-0033,T-025,2024-03-18,Preventive,Medium,Completed,1.02,0.0,32.51,368.0,400.51
MO-00813,N-00859,EQ-0072,T-025,2025-12-05,Corrective,Medium,Completed,3.45,10.0,110.53,585.0,695.53
MO-00814,N-00860,EQ-0047,T-017,2026-01-16,Corrective,Medium,Completed,3.61,11.92,198.45,45.0,243.45
MO-00815,N-00861,EQ-0011,T-018,2026-01-10,Preventive,Medium,Completed,3.66,0.0,153.85,0.0,153.85
MO-00816,N-00862,EQ-0074,T-017,2024-12-16,Corrective,High,Completed,5.17,5.84,284.36,0.0,284.36
MO-00817,N-00863,EQ-0042,T-025,2024-01-11,Corrective,High,Completed,2.03,3.58,65.04,455.0,520.04
MO-00818,N-00864,EQ-0071,T-025,2024-02-27,Corrective,High,Closed,2.35,3.34,75.11,812.0,887.11
MO-00819,N-00865,EQ-0045,T-017,2025-09-07,Corrective,Medium,Completed,4.39,8.71,241.55,4140.0,4381.55
MO-00820,N-00866,EQ-0001,T-007,2025-12-20,Preventive,Medium,Completed,3.26,0.0,136.93,0.0,136.93
MO-00821,N-00867,EQ-0015,T-021,2025-10-30,Corrective,High,Completed,7.3,6.84,306.43,217.0,523.43
MO-00822,N-00868,EQ-0015,T-014,2025-12-04,Preventive,Medium,Completed,0.5,0.0,16.0,0.0,16.0
MO-00823,N-00869,EQ-0054,T-012,2024-05-20,Corrective,Low,Completed,19.09,9.92,610.88,151.0,761.88
MO-00824,N-00870,EQ-0077,T-004,2025-05-01,Corrective,Low,Completed,5.5,8.29,302.65,450.0,752.65
MO-00825,N-00871,EQ-0016,T-022,2024-10-03,Corrective,Medium,Completed,6.17,3.92,197.46,2555.0,2752.46
MO-00826,N-00872,EQ-0078,T-028,2025-07-21,Corrective,Medium,Open,9.93,9.47,317.91,390.0,707.91
MO-00827,N-00873,EQ-0022,T-002,2024-07-11,Corrective,Low,Completed,4.98,1.85,209.16,2760.0,2969.16
MO-00828,N-00874,EQ-0051,T-011,2024-12-16,Corrective,Medium,Completed,9.81,2.01,313.81,404.0,717.81
MO-00829,N-00875,EQ-0066,T-020,2024-09-28,Preventive,Medium,Completed,6.09,0.0,334.76,0.0,334.76
MO-00830,N-00876,EQ-0064,T-009,2026-05-05,Preventive,High,Completed,2.4,0.0,131.88,167.0,298.88
MO-00831,N-00878,EQ-0098,T-025,2025-10-13,Preventive,High,Completed,0.84,0.0,26.99,0.0,26.99
MO-00832,N-00879,EQ-0035,T-029,2025-09-03,Preventive,Medium,Completed,4.36,0.0,239.76,360.0,599.76
MO-00833,N-00880,EQ-0061,T-005,2024-05-02,Preventive,High,Completed,9.52,0.0,523.49,230.0,753.49
MO-00834,N-00882,EQ-0037,T-015,2025-03-09,Preventive,High,Completed,4.59,0.0,252.42,0.0,252.42
MO-00835,N-00883,EQ-0098,T-005,2024-08-25,Preventive,Medium,Completed,0.87,0.0,48.09,0.0,48.09
MO-00836,N-00884,EQ-0041,T-015,2026-03-18,Preventive,Medium,Completed,4.72,0.0,259.75,285.0,544.75
MO-00837,N-00885,EQ-0097,T-017,2025-04-15,Corrective,High,Closed,4.78,3.81,262.68,390.0,652.68
MO-00838,N-00886,EQ-0022,T-017,2024-12-08,Corrective,Medium,Closed,5.45,2.73,299.92,380.0,679.92
MO-00839,N-00887,EQ-0085,T-015,2024-07-16,Corrective,Medium,Completed,2.18,7.09,119.8,95.0,214.8
MO-00840,N-00888,EQ-0050,T-029,2024-11-08,Preventive,Medium,Completed,3.71,0.0,204.28,210.0,414.28
MO-00841,N-00889,EQ-0072,T-015,2025-07-07,Corrective,Medium,Completed,0.99,5.55,54.45,190.0,244.45
MO-00842,N-00890,EQ-0051,T-019,2025-12-31,Preventive,Low,Completed,3.27,0.0,180.1,0.0,180.1
MO-00843,N-00891,EQ-0074,T-019,2026-05-22,Preventive,Medium,Closed,3.35,0.0,184.28,820.0,1004.28
MO-00844,N-00892,EQ-0096,T-014,2025-12-26,Preventive,Medium,Completed,6.99,0.0,223.72,190.0,413.72
MO-00845,N-00893,EQ-0083,T-001,2024-09-14,Preventive,Medium,Completed,5.88,0.0,323.36,64.0,387.36
MO-00846,N-00894,EQ-0058,T-005,2025-04-17,Corrective,High,Completed,0.5,6.39,27.5,0.0,27.5
MO-00847,N-00895,EQ-0027,T-018,2024-01-03,Corrective,Medium,Open,7.59,3.4,318.71,675.0,993.71
MO-00848,N-00896,EQ-0028,T-029,2025-04-16,Corrective,Medium,Completed,6.8,3.18,373.78,0.0,373.78
MO-00849,N-00897,EQ-0012,T-020,2024-04-20,Corrective,Medium,Completed,4.05,8.48,222.84,341.0,563.84
MO-00850,N-00898,EQ-0070,T-025,2025-02-08,Corrective,Medium,Completed,4.61,0.62,147.65,170.0,317.65
MO-00851,N-00899,EQ-0088,T-001,2025-11-01,Corrective,High,Open,2.63,16.77,144.55,2500.0,2644.55
MO-00852,N-00900,EQ-0010,T-029,2024-12-24,Preventive,Medium,Completed,5.03,0.0,276.82,54.0,330.82
MO-00853,N-00901,EQ-0085,T-028,2026-01-12,Preventive,Medium,Completed,2.4,0.0,76.67,0.0,76.67
MO-00854,N-00902,EQ-0024,T-012,2026-03-31,Corrective,Medium,Completed,5.27,5.69,168.48,0.0,168.48
MO-00855,N-00903,EQ-0056,T-002,2025-05-19,Corrective,Medium,Completed,1.58,4.73,66.49,2690.0,2756.49
MO-00856,N-00904,EQ-0050,T-001,2025-10-12,Preventive,Medium,Completed,4.5,0.0,247.75,0.0,247.75
MO-00857,N-00905,EQ-0048,T-025,2025-05-27,Preventive,Medium,Completed,2.25,0.0,72.11,0.0,72.11
MO-00858,N-00906,EQ-0056,T-022,2025-10-15,Preventive,Medium,Open,3.58,0.0,114.57,0.0,114.57
MO-00859,N-00907,EQ-0066,T-009,2024-03-02,Preventive,Low,Completed,5.72,0.0,314.71,0.0,314.71
MO-00860,N-00908,EQ-0088,T-030,2024-09-04,Corrective,Low,Completed,2.88,2.14,158.33,380.0,538.33
MO-00861,N-00909,EQ-0005,T-028,2025-11-09,Preventive,Low,Completed,3.2,0.0,102.3,0.0,102.3
MO-00862,N-00910,EQ-0057,T-030,2026-03-31,Corrective,High,Completed,1.67,7.49,91.92,1905.0,1996.92
MO-00863,N-00911,EQ-0055,T-026,2025-08-17,Corrective,High,Closed,7.33,13.09,402.88,55.0,457.88
MO-00864,N-00912,EQ-0028,T-024,2024-01-17,Preventive,Medium,Completed,6.18,0.0,259.72,695.0,954.72
MO-00865,N-00913,EQ-0063,T-009,2025-10-05,Corrective,Emergency,Closed,2.59,5.29,142.49,855.0,997.49
MO-00866,N-00914,EQ-0095,T-017,2025-02-08,Preventive,High,Completed,14.04,0.0,772.2,240.0,1012.2
MO-00867,N-00915,EQ-0033,T-029,2025-02-04,Corrective,Medium,Completed,4.55,4.37,250.39,175.0,425.39
MO-00868,N-00916,EQ-0055,T-006,2024-08-09,Preventive,Medium,Open,10.41,0.0,333.0,450.0,783.0
MO-00869,N-00917,EQ-0059,T-004,2024-09-24,Corrective,Medium,Completed,2.85,7.73,156.5,0.0,156.5
MO-00870,N-00918,EQ-0026,T-005,2025-11-15,Preventive,Medium,Completed,6.88,0.0,378.46,0.0,378.46
MO-00871,N-00919,EQ-0017,T-017,2026-01-04,Corrective,Low,Completed,8.1,0.88,445.45,0.0,445.45
MO-00872,N-00921,EQ-0076,T-021,2024-10-26,Corrective,High,Completed,8.63,2.76,362.48,0.0,362.48
MO-00873,N-00922,EQ-0052,T-011,2024-12-02,Corrective,High,Completed,1.27,3.54,40.49,610.0,650.49
MO-00874,N-00923,EQ-0031,T-001,2024-04-11,Preventive,Medium,Open,2.18,0.0,119.7,32.0,151.7
MO-00875,N-00924,EQ-0050,T-010,2024-08-11,Corrective,Medium,Closed,5.09,9.1,280.21,0.0,280.21
MO-00876,N-00925,EQ-0006,T-001,2024-06-04,Preventive,High,Closed,3.01,0.0,165.53,425.0,590.53
MO-00877,N-00926,EQ-0020,T-011,2025-10-28,Corrective,High,Completed,3.13,6.28,100.24,275.0,375.24
MO-00878,N-00927,EQ-0076,T-026,2024-06-02,Corrective,Medium,Completed,2.82,2.88,155.15,610.0,765.15
MO-00879,N-00928,EQ-0012,T-004,2026-05-16,Preventive,Medium,Closed,1.17,0.0,64.38,190.0,254.38
MO-00880,N-00929,EQ-0051,T-025,2025-08-20,Preventive,Medium,Completed,6.7,0.0,214.52,0.0,214.52
MO-00881,N-00930,EQ-0086,T-007,2024-06-17,Preventive,High,Completed,3.83,0.0,161.06,360.0,521.06
MO-00882,N-00931,EQ-0041,T-001,2026-01-13,Corrective,Medium,Completed,2.46,3.36,135.23,0.0,135.23
MO-00883,N-00932,EQ-0047,T-004,2025-09-29,Preventive,Medium,Completed,10.73,0.0,589.96,160.0,749.96
MO-00884,N-00933,EQ-0093,T-020,2024-01-02,Corrective,Medium,Completed,2.72,7.72,149.48,110.0,259.48
MO-00885,N-00934,EQ-0100,T-017,2026-03-05,Preventive,Medium,Completed,3.25,0.0,178.55,273.0,451.55
MO-00886,N-00935,EQ-0073,T-029,2026-01-04,Preventive,Medium,Completed,6.73,0.0,370.42,32.0,402.42
MO-00887,N-00936,EQ-0022,T-021,2026-01-26,Corrective,Medium,Completed,0.5,3.54,21.0,0.0,21.0
MO-00888,N-00937,EQ-0038,T-030,2025-09-05,Corrective,High,Completed,4.51,10.01,247.83,0.0,247.83
MO-00889,N-00938,EQ-0077,T-016,2025-05-27,Corrective,High,Completed,6.11,4.05,336.27,140.0,476.27
MO-00890,N-00939,EQ-0010,T-019,2025-04-11,Preventive,Medium,Completed,7.37,0.0,405.41,165.0,570.41
MO-00891,N-00940,EQ-0003,T-027,2024-10-10,Preventive,High,Open,2.17,0.0,69.47,416.0,485.47
MO-00892,N-00941,EQ-0066,T-020,2024-08-31,Corrective,High,Completed,4.77,7.05,262.59,0.0,262.59
MO-00893,N-00942,EQ-0001,T-021,2026-05-11,Corrective,High,Completed,6.65,10.07,279.28,715.0,994.28
MO-00894,N-00943,EQ-0008,T-009,2025-12-12,Preventive,Medium,Completed,2.34,0.0,128.67,0.0,128.67
MO-00895,N-00944,EQ-0015,T-002,2025-03-19,Corrective,High,Completed,6.56,9.88,275.34,190.0,465.34
MO-00896,N-00945,EQ-0062,T-025,2026-04-18,Preventive,Low,Completed,2.41,0.0,77.18,195.0,272.18
MO-00897,N-00946,EQ-0003,T-010,2024-02-21,Preventive,Medium,Completed,3.72,0.0,204.48,589.0,793.48
MO-00898,N-00947,EQ-0083,T-029,2024-07-09,Preventive,Low,Completed,2.78,0.0,153.1,675.0,828.1
MO-00899,N-00948,EQ-0080,T-005,2024-06-15,Preventive,High,Completed,1.08,0.0,59.35,210.0,269.35
MO-00900,N-00949,EQ-0049,T-008,2025-06-24,Preventive,High,Completed,2.86,0.0,157.52,480.0,637.52
MO-00901,N-00950,EQ-0061,T-025,2024-12-20,Preventive,Medium,Open,9.89,0.0,316.37,260.0,576.37
MO-00902,N-00951,EQ-0051,T-004,2025-09-13,Preventive,Medium,Completed,4.78,0.0,263.1,45.0,308.1
MO-00903,N-00952,EQ-0005,T-019,2026-05-16,Corrective,Low,Completed,5.97,7.79,328.19,0.0,328.19
MO-00904,N-00953,EQ-0049,T-003,2024-09-12,Preventive,Medium,Completed,11.63,0.0,488.38,3890.0,4378.38
MO-00905,N-00955,EQ-0046,T-016,2024-12-24,Corrective,High,Closed,8.04,5.19,442.11,330.0,772.11
MO-00906,N-00956,EQ-0053,T-017,2025-01-25,Corrective,Medium,Completed,3.4,6.05,186.78,525.0,711.78
MO-00907,N-00957,EQ-0037,T-004,2024-11-23,Preventive,Medium,Completed,2.17,0.0,119.36,135.0,254.36
MO-00908,N-00958,EQ-0027,T-024,2026-01-30,Preventive,High,Completed,10.84,0.0,455.41,0.0,455.41
MO-00909,N-00961,EQ-0017,T-008,2026-06-20,Corrective,High,Completed,1.24,2.94,68.23,295.0,363.23
MO-00910,N-00962,EQ-0080,T-012,2025-03-30,Preventive,Medium,Closed,2.62,0.0,83.92,54.0,137.92
MO-00911,N-00963,EQ-0083,T-009,2026-01-26,Preventive,Low,Completed,1.76,0.0,96.81,0.0,96.81
MO-00912,N-00964,EQ-0079,T-004,2026-05-02,Preventive,High,Completed,3.54,0.0,194.62,96.0,290.62
MO-00913,N-00965,EQ-0062,T-009,2024-06-18,Corrective,High,Completed,7.26,10.57,399.29,1640.0,2039.29
MO-00914,N-00966,EQ-0009,T-016,2025-01-02,Corrective,Medium,Completed,1.96,19.42,107.6,1250.0,1357.6
MO-00915,N-00967,EQ-0026,T-002,2026-02-18,Preventive,Medium,Completed,4.05,0.0,170.29,160.0,330.29
MO-00916,N-00968,EQ-0006,T-018,2024-07-30,Preventive,Medium,Completed,4.55,0.0,191.15,0.0,191.15
MO-00917,N-00969,EQ-0060,T-016,2026-05-21,Preventive,High,Closed,5.56,0.0,305.8,446.0,751.8
MO-00918,N-00971,EQ-0093,T-010,2025-09-11,Corrective,Medium,Completed,4.87,1.12,267.63,210.0,477.63
MO-00919,N-00972,EQ-0090,T-008,2024-01-04,Preventive,Medium,Completed,7.12,0.0,391.76,0.0,391.76
MO-00920,N-00973,EQ-0058,T-016,2024-03-27,Preventive,Medium,Closed,7.73,0.0,425.1,130.0,555.1
MO-00921,N-00974,EQ-0027,T-024,2024-05-19,Preventive,Medium,Completed,1.07,0.0,44.8,0.0,44.8
MO-00922,N-00975,EQ-0009,T-030,2026-04-06,Preventive,Medium,Completed,2.47,0.0,135.61,64.0,199.61
MO-00923,N-00976,EQ-0051,T-024,2025-07-30,Preventive,Low,Completed,3.19,0.0,134.11,0.0,134.11
MO-00924,N-00977,EQ-0054,T-012,2024-09-22,Preventive,Medium,Completed,5.49,0.0,175.8,170.0,345.8
MO-00925,N-00978,EQ-0011,T-019,2024-12-11,Corrective,Medium,Completed,3.97,3.06,218.53,0.0,218.53
MO-00926,N-00979,EQ-0040,T-017,2024-08-25,Preventive,High,Completed,6.75,0.0,371.36,165.0,536.36
MO-00927,N-00980,EQ-0060,T-010,2025-08-03,Corrective,Medium,Completed,6.3,3.5,346.34,0.0,346.34
MO-00928,N-00981,EQ-0061,T-002,2024-12-06,Corrective,Medium,Completed,3.41,8.14,143.39,429.0,572.39
MO-00929,N-00982,EQ-0013,T-022,2024-11-09,Preventive,High,Completed,2.84,0.0,90.74,420.0,510.74
MO-00930,N-00983,EQ-0013,T-023,2025-04-10,Corrective,Medium,Completed,3.12,5.5,171.83,325.0,496.83
MO-00931,N-00984,EQ-0002,T-011,2025-06-04,Preventive,Medium,Completed,3.2,0.0,102.4,525.0,627.4
MO-00932,N-00985,EQ-0069,T-003,2024-05-04,Preventive,Medium,Completed,3.66,0.0,153.7,0.0,153.7
MO-00933,N-00986,EQ-0020,T-018,2025-09-25,Corrective,Medium,Open,4.11,6.48,172.61,525.0,697.61
MO-00934,N-00987,EQ-0047,T-021,2024-12-20,Corrective,Medium,Completed,2.16,7.17,90.73,850.0,940.73
MO-00935,N-00988,EQ-0011,T-029,2026-05-06,Preventive,High,Completed,13.2,0.0,726.27,0.0,726.27
MO-00936,N-00989,EQ-0052,T-018,2026-05-22,Corrective,Medium,Completed,7.71,5.23,323.94,425.0,748.94
MO-00937,N-00990,EQ-0035,T-025,2025-05-30,Corrective,Emergency,Completed,4.94,3.46,157.93,506.0,663.93
MO-00938,N-00991,EQ-0094,T-025,2024-05-23,Preventive,Low,Open,1.93,0.0,61.87,330.0,391.87
MO-00939,N-00994,EQ-0027,T-024,2025-12-07,Corrective,Low,Completed,8.08,17.16,339.34,85.0,424.34
MO-00940,N-00995,EQ-0036,T-018,2025-03-03,Preventive,Medium,Completed,3.86,0.0,162.29,2920.0,3082.29
MO-00941,N-00996,EQ-0042,T-016,2026-04-13,Corrective,Medium,Completed,4.02,3.96,221.06,550.0,771.06
MO-00942,N-00997,EQ-0070,T-030,2024-08-06,Corrective,Medium,Completed,8.06,7.12,443.52,665.0,1108.52
MO-00943,N-00998,EQ-0015,T-012,2024-02-13,Corrective,Medium,Completed,4.8,2.36,153.71,380.0,533.71
MO-00944,N-00999,EQ-0039,T-023,2025-05-31,Preventive,Low,Completed,2.75,0.0,151.23,0.0,151.23
MO-00945,N-01000,EQ-0040,T-011,2026-06-26,Corrective,Medium,Completed,4.06,13.32,129.78,120.0,249.78
MO-00946,N-01001,EQ-0032,T-015,2025-03-30,Preventive,Medium,Completed,3.59,0.0,197.53,0.0,197.53
MO-00947,N-01002,EQ-0048,T-003,2026-04-09,Preventive,Medium,Completed,0.62,0.0,26.18,0.0,26.18
MO-00948,N-01003,EQ-0053,T-009,2026-02-22,Corrective,Medium,Completed,1.06,7.36,58.04,240.0,298.04
MO-00949,N-01004,EQ-0087,T-018,2024-04-13,Preventive,Medium,Open,4.11,0.0,172.78,234.0,406.78
MO-00950,N-01005,EQ-0086,T-009,2026-02-04,Corrective,Low,Completed,2.25,6.94,123.92,570.0,693.92
MO-00951,N-01006,EQ-0095,T-012,2024-05-16,Preventive,Low,Completed,3.73,0.0,119.48,0.0,119.48
MO-00952,N-01007,EQ-0027,T-025,2026-02-22,Preventive,Medium,Completed,1.51,0.0,48.24,305.0,353.24
MO-00953,N-01008,EQ-0026,T-024,2024-10-25,Corrective,Medium,Completed,1.47,6.03,61.86,0.0,61.86
MO-00954,N-01009,EQ-0060,T-004,2025-06-04,Preventive,Low,Completed,1.08,0.0,59.58,285.0,344.58
MO-00955,N-01010,EQ-0009,T-019,2026-04-25,Corrective,Medium,Completed,6.27,13.64,345.07,719.0,1064.07
MO-00956,N-01011,EQ-0083,T-014,2026-04-20,Corrective,Medium,Closed,5.29,4.98,169.3,469.0,638.3
MO-00957,N-01012,EQ-0042,T-030,2024-09-17,Corrective,Medium,Completed,2.11,5.83,116.2,167.0,283.2
MO-00958,N-01013,EQ-0008,T-017,2025-01-02,Preventive,Low,Closed,1.7,0.0,93.41,335.0,428.41
MO-00959,N-01014,EQ-0100,T-021,2025-08-03,Corrective,Medium,Completed,1.52,2.09,63.98,320.0,383.98
MO-00960,N-01015,EQ-0060,T-017,2024-09-11,Corrective,Low,Completed,3.66,8.69,201.53,190.0,391.53
MO-00961,N-01016,EQ-0022,T-025,2026-06-19,Corrective,Medium,Completed,3.32,15.07,106.13,2155.0,2261.13
MO-00962,N-01017,EQ-0032,T-003,2024-10-27,Preventive,Medium,Completed,3.13,0.0,131.62,370.0,501.62
MO-00963,N-01018,EQ-0073,T-001,2024-10-04,Corrective,Medium,Closed,5.13,6.37,282.21,0.0,282.21
MO-00964,N-01019,EQ-0094,T-006,2025-07-09,Corrective,Low,Completed,3.09,9.75,98.78,564.0,662.78
MO-00965,N-01020,EQ-0084,T-019,2026-04-24,Corrective,High,Closed,1.31,8.13,72.26,96.0,168.26
MO-00966,N-01021,EQ-0054,T-013,2025-01-01,Corrective,Emergency,Completed,4.57,0.76,251.35,675.0,926.35
MO-00967,N-01022,EQ-0090,T-012,2024-11-17,Preventive,Low,Completed,8.86,0.0,283.65,4380.0,4663.65
MO-00968,N-01023,EQ-0027,T-013,2025-11-08,Corrective,High,Closed,3.61,1.27,198.57,4150.0,4348.57
MO-00969,N-01024,EQ-0005,T-019,2026-06-24,Corrective,Medium,Completed,0.96,7.72,52.83,231.0,283.83
MO-00970,N-01025,EQ-0080,T-013,2024-01-30,Corrective,Medium,Completed,8.66,14.01,476.42,255.0,731.42
MO-00971,N-01026,EQ-0094,T-010,2025-08-28,Corrective,High,Completed,6.14,4.23,337.66,446.0,783.66
MO-00972,N-01027,EQ-0086,T-010,2025-10-04,Preventive,Medium,Completed,3.89,0.0,213.69,525.0,738.69
MO-00973,N-01028,EQ-0020,T-015,2024-08-10,Corrective,Low,Closed,4.4,5.17,241.8,1250.0,1491.8
MO-00974,N-01029,EQ-0097,T-002,2024-05-06,Preventive,Medium,Completed,5.88,0.0,246.83,55.0,301.83
MO-00975,N-01030,EQ-0097,T-007,2025-04-30,Preventive,Low,Completed,2.64,0.0,110.7,0.0,110.7
MO-00976,N-01032,EQ-0092,T-024,2025-07-01,Preventive,Medium,Completed,2.63,0.0,110.41,381.0,491.41
MO-00977,N-01033,EQ-0004,T-029,2025-01-29,Corrective,Medium,Open,3.98,4.7,218.92,358.0,576.92
MO-00978,N-01034,EQ-0015,T-009,2025-03-21,Corrective,Medium,Completed,6.12,4.04,336.34,0.0,336.34
MO-00979,N-01035,EQ-0029,T-028,2024-10-13,Corrective,Low,Closed,5.13,2.34,164.19,315.0,479.19
MO-00980,N-01036,EQ-0093,T-030,2026-06-02,Preventive,Medium,Completed,5.18,0.0,285.16,85.0,370.16
MO-00981,N-01037,EQ-0036,T-025,2025-07-14,Corrective,High,Open,2.39,6.82,76.46,0.0,76.46
MO-00982,N-01038,EQ-0084,T-013,2026-02-03,Preventive,Medium,Completed,1.55,0.0,85.31,240.0,325.31
MO-00983,N-01039,EQ-0029,T-014,2024-11-11,Preventive,Medium,Completed,10.81,0.0,345.94,0.0,345.94
MO-00984,N-01040,EQ-0035,T-001,2026-01-15,Preventive,Medium,Completed,1.14,0.0,62.59,0.0,62.59
MO-00985,N-01041,EQ-0046,T-018,2025-08-14,Preventive,Medium,Completed,9.86,0.0,414.31,350.0,764.31
MO-00986,N-01042,EQ-0093,T-003,2026-02-04,Preventive,Medium,Completed,5.65,0.0,237.31,165.0,402.31
MO-00987,N-01043,EQ-0047,T-006,2024-05-12,Preventive,Medium,Completed,5.62,0.0,179.79,455.0,634.79
MO-00988,N-01044,EQ-0071,T-002,2024-06-17,Preventive,Medium,Completed,1.22,0.0,51.17,0.0,51.17
MO-00989,N-01045,EQ-0075,T-003,2025-11-07,Preventive,Low,Completed,2.5,0.0,104.98,570.0,674.98
MO-00990,N-01046,EQ-0079,T-025,2025-01-30,Preventive,Medium,Completed,4.75,0.0,151.93,0.0,151.93
MO-00991,N-01047,EQ-0028,T-027,2025-08-19,Preventive,Low,Completed,4.16,0.0,133.03,325.0,458.03
MO-00992,N-01048,EQ-0097,T-014,2025-03-26,Corrective,Medium,Completed,2.08,6.38,66.44,919.0,985.44
MO-00993,N-01049,EQ-0012,T-023,2024-03-25,Preventive,Low,Completed,4.65,0.0,255.89,1730.0,1985.89
MO-00994,N-01050,EQ-0099,T-019,2025-07-04,Corrective,Medium,Completed,2.64,3.35,145.02,73.0,218.02
MO-00995,N-01051,EQ-0042,T-025,2025-02-18,Preventive,Medium,Completed,11.62,0.0,371.71,2710.0,3081.71
MO-00996,N-01052,EQ-0090,T-012,2026-03-31,Preventive,Low,Completed,2.49,0.0,79.74,480.0,559.74
MO-00997,N-01053,EQ-0034,T-019,2024-09-10,Corrective,High,Completed,3.19,14.99,175.51,452.0,627.51
MO-00998,N-01054,EQ-0025,T-018,2025-08-30,Corrective,Medium,Completed,2.84,5.35,119.27,2840.0,2959.27
MO-00999,N-01055,EQ-0028,T-009,2026-04-21,Preventive,Medium,Completed,7.33,0.0,403.19,485.0,888.19
MO-01000,N-01056,EQ-0100,T-027,2025-02-20,Corrective,Medium,Completed,3.73,3.25,119.4,260.0,379.4
MO-01001,N-01057,EQ-0076,T-021,2025-08-09,Preventive,Medium,Completed,2.87,0.0,120.48,265.0,385.48
MO-01002,N-01058,EQ-0047,T-021,2026-02-13,Preventive,Medium,Completed,5.6,0.0,235.28,0.0,235.28
MO-01003,N-01059,EQ-0020,T-008,2025-08-23,Corrective,Low,Completed,5.52,6.83,303.57,1040.0,1343.57
MO-01004,N-01060,EQ-0010,T-001,2025-01-29,Preventive,Medium,Completed,4.31,0.0,236.8,0.0,236.8
MO-01005,N-01061,EQ-0042,T-024,2024-05-04,Corrective,Low,Completed,6.36,2.21,266.98,1135.0,1401.98
MO-01006,N-01062,EQ-0090,T-001,2025-02-11,Corrective,Medium,Closed,11.81,0.86,649.79,0.0,649.79
MO-01007,N-01063,EQ-0052,T-004,2024-06-17,Corrective,Medium,Completed,1.63,16.39,89.71,415.0,504.71
MO-01008,N-01064,EQ-0045,T-029,2025-12-22,Corrective,Medium,Closed,9.87,4.6,543.1,316.0,859.1
MO-01009,N-01065,EQ-0068,T-020,2025-03-03,Preventive,Low,Completed,1.03,0.0,56.76,390.0,446.76
MO-01010,N-01066,EQ-0080,T-007,2025-01-06,Preventive,Medium,Completed,8.75,0.0,367.37,355.0,722.37
MO-01011,N-01067,EQ-0086,T-009,2025-11-04,Preventive,Low,Open,4.27,0.0,235.08,435.0,670.08
MO-01012,N-01068,EQ-0097,T-018,2025-02-17,Corrective,Low,Completed,0.5,5.67,21.0,1265.0,1286.0
MO-01013,N-01069,EQ-0015,T-002,2025-01-02,Corrective,Medium,Completed,11.39,22.37,478.44,0.0,478.44
MO-01014,N-01070,EQ-0021,T-020,2025-07-31,Corrective,Medium,Completed,4.98,21.11,273.64,1900.0,2173.64
MO-01015,N-01071,EQ-0042,T-017,2024-10-23,Preventive,High,Completed,7.71,0.0,423.82,445.0,868.82
MO-01016,N-01072,EQ-0062,T-006,2025-05-27,Preventive,Medium,Completed,6.04,0.0,193.19,0.0,193.19
MO-01017,N-01074,EQ-0032,T-008,2024-05-23,Corrective,Medium,Completed,4.54,3.4,249.93,0.0,249.93
MO-01018,N-01075,EQ-0006,T-012,2025-08-18,Corrective,Medium,Completed,2.7,6.74,86.52,160.0,246.52
MO-01019,N-01076,EQ-0081,T-025,2025-09-04,Preventive,Low,Completed,2.52,0.0,80.74,645.0,725.74
MO-01020,N-01077,EQ-0087,T-012,2026-05-08,Corrective,High,Completed,2.15,4.08,68.72,315.0,383.72
MO-01021,N-01078,EQ-0083,T-030,2025-07-21,Preventive,Medium,Completed,5.04,0.0,277.05,320.0,597.05
MO-01022,N-01079,EQ-0033,T-020,2024-10-15,Corrective,Medium,Closed,7.26,3.61,399.13,140.0,539.13
MO-01023,N-01080,EQ-0029,T-029,2025-08-10,Preventive,High,Completed,2.13,0.0,116.95,325.0,441.95
MO-01024,N-01081,EQ-0067,T-006,2024-05-29,Corrective,Medium,Completed,3.69,6.14,117.93,630.0,747.93
MO-01025,N-01082,EQ-0003,T-025,2024-05-13,Corrective,Medium,Completed,1.4,3.89,44.69,0.0,44.69
MO-01026,N-01083,EQ-0075,T-002,2026-05-13,Preventive,Medium,Completed,9.54,0.0,400.49,255.0,655.49
MO-01027,N-01085,EQ-0039,T-021,2024-04-24,Corrective,Medium,Completed,2.21,4.73,92.77,190.0,282.77
MO-01028,N-01086,EQ-0042,T-022,2025-12-21,Preventive,High,Completed,6.69,0.0,214.24,145.0,359.24
MO-01029,N-01087,EQ-0097,T-002,2024-09-01,Preventive,High,Completed,3.97,0.0,166.69,0.0,166.69
MO-01030,N-01088,EQ-0008,T-030,2026-06-11,Preventive,Medium,Completed,5.25,0.0,288.96,385.0,673.96
MO-01031,N-01089,EQ-0041,T-026,2026-06-28,Corrective,Medium,Completed,6.33,11.07,348.15,95.0,443.15
MO-01032,N-01090,EQ-0012,T-010,2026-03-10,Corrective,Low,Open,5.2,17.14,286.16,0.0,286.16
MO-01033,N-01091,EQ-0084,T-004,2025-08-22,Preventive,Medium,Completed,6.0,0.0,330.1,0.0,330.1
MO-01034,N-01092,EQ-0093,T-005,2024-03-25,Corrective,Low,Completed,0.75,4.14,41.03,120.0,161.03
MO-01035,N-01093,EQ-0006,T-014,2026-05-15,Preventive,Medium,Completed,4.42,0.0,141.39,0.0,141.39
MO-01036,N-01094,EQ-0060,T-022,2025-05-11,Corrective,Medium,Completed,6.65,8.8,212.77,0.0,212.77
MO-01037,N-01095,EQ-0039,T-029,2025-03-12,Preventive,Low,Completed,11.75,0.0,646.2,495.0,1141.2
MO-01038,N-01097,EQ-0089,T-005,2025-09-26,Corrective,Medium,Completed,4.6,3.93,253.16,0.0,253.16
MO-01039,N-01098,EQ-0021,T-016,2024-06-13,Corrective,Medium,Completed,10.92,18.13,600.71,0.0,600.71
MO-01040,N-01099,EQ-0059,T-029,2026-06-03,Corrective,Medium,Completed,5.56,9.12,305.54,560.0,865.54
MO-01041,N-01101,EQ-0085,T-013,2024-06-12,Preventive,Medium,Completed,2.48,0.0,136.15,0.0,136.15
MO-01042,N-01102,EQ-0057,T-020,2025-11-16,Corrective,Medium,Completed,6.41,6.2,352.52,0.0,352.52
MO-01043,N-01103,EQ-0010,T-018,2026-04-03,Preventive,High,Closed,3.01,0.0,126.32,2880.0,3006.32
MO-01044,N-01104,EQ-0097,T-007,2024-11-21,Preventive,Medium,Completed,0.5,0.0,21.0,0.0,21.0
MO-01045,N-01105,EQ-0068,T-017,2026-05-29,Corrective,Low,Completed,4.38,1.77,240.74,344.0,584.74
MO-01046,N-01106,EQ-0100,T-021,2024-07-19,Preventive,Medium,Completed,1.5,0.0,62.93,195.0,257.93
MO-01047,N-01107,EQ-0080,T-025,2024-01-05,Corrective,Medium,Completed,3.67,1.21,117.32,515.0,632.32
MO-01048,N-01108,EQ-0043,T-013,2026-05-06,Preventive,Medium,Completed,4.32,0.0,237.73,3815.0,4052.73
MO-01049,N-01109,EQ-0034,T-017,2026-03-25,Corrective,Medium,Completed,4.68,6.68,257.42,100.0,357.42
MO-01050,N-01110,EQ-0003,T-001,2025-01-28,Corrective,Emergency,Completed,3.21,7.5,176.62,0.0,176.62
MO-01051,N-01111,EQ-0076,T-005,2025-07-22,Corrective,Emergency,Completed,3.44,3.35,188.99,0.0,188.99
MO-01052,N-01112,EQ-0042,T-018,2026-01-01,Preventive,Medium,Completed,2.97,0.0,124.59,735.0,859.59
MO-01053,N-01113,EQ-0074,T-021,2024-12-04,Corrective,Emergency,Completed,10.03,5.2,421.27,255.0,676.27
MO-01054,N-01114,EQ-0069,T-030,2026-03-20,Preventive,High,Closed,9.09,0.0,499.85,0.0,499.85
MO-01055,N-01115,EQ-0039,T-004,2025-07-04,Preventive,High,Completed,2.4,0.0,131.79,350.0,481.79
MO-01056,N-01116,EQ-0087,T-010,2025-02-05,Preventive,Medium,Completed,3.53,0.0,193.98,830.0,1023.98
MO-01057,N-01117,EQ-0091,T-023,2026-05-30,Corrective,Medium,Completed,3.28,3.28,180.45,85.0,265.45
MO-01058,N-01118,EQ-0079,T-002,2024-04-23,Preventive,Medium,Completed,8.11,0.0,340.41,190.0,530.41
MO-01059,N-01119,EQ-0039,T-008,2026-06-08,Corrective,Low,Open,7.63,10.81,419.54,311.0,730.54
MO-01060,N-01122,EQ-0079,T-025,2024-04-27,Corrective,Medium,Completed,8.8,2.26,281.54,628.0,909.54
MO-01061,N-01123,EQ-0096,T-016,2025-08-21,Preventive,Low,Completed,6.81,0.0,374.55,0.0,374.55
MO-01062,N-01124,EQ-0046,T-030,2025-04-17,Preventive,Medium,Completed,10.31,0.0,567.16,85.0,652.16
MO-01063,N-01125,EQ-0082,T-016,2025-11-03,Corrective,Low,Completed,9.41,3.41,517.41,0.0,517.41
MO-01064,N-01126,EQ-0100,T-008,2025-03-27,Corrective,High,Open,1.63,2.38,89.65,725.0,814.65
MO-01065,N-01127,EQ-0042,T-029,2025-03-13,Corrective,Medium,Completed,1.82,4.27,99.88,445.0,544.88
MO-01066,N-01129,EQ-0089,T-024,2024-04-01,Corrective,Medium,Completed,3.95,1.62,165.8,4115.0,4280.8
MO-01067,N-01130,EQ-0057,T-005,2024-02-03,Corrective,Medium,Completed,0.81,7.36,44.67,525.0,569.67
MO-01068,N-01131,EQ-0067,T-019,2025-07-23,Preventive,Medium,Completed,1.17,0.0,64.2,0.0,64.2
MO-01069,N-01132,EQ-0011,T-025,2026-04-04,Preventive,Medium,Completed,1.45,0.0,46.37,0.0,46.37
MO-01070,N-01133,EQ-0049,T-013,2024-08-15,Preventive,Medium,Completed,3.15,0.0,173.49,0.0,173.49
MO-01071,N-01134,EQ-0013,T-007,2025-11-19,Preventive,Low,Completed,2.57,0.0,107.94,700.0,807.94
MO-01072,N-01136,EQ-0063,T-011,2025-04-19,Corrective,Medium,Completed,2.3,9.76,73.55,0.0,73.55
MO-01073,N-01137,EQ-0040,T-023,2025-07-01,Preventive,Low,Completed,2.62,0.0,144.11,0.0,144.11
MO-01074,N-01138,EQ-0089,T-022,2026-05-25,Preventive,Medium,Completed,5.07,0.0,162.4,0.0,162.4
MO-01075,N-01141,EQ-0077,T-001,2025-07-27,Preventive,Low,Completed,7.26,0.0,399.55,0.0,399.55
MO-01076,N-01142,EQ-0008,T-010,2026-05-26,Preventive,Medium,Completed,3.72,0.0,204.66,96.0,300.66
MO-01077,N-01143,EQ-0056,T-024,2025-10-11,Corrective,Low,Completed,1.99,1.96,83.62,65.0,148.62
MO-01078,N-01144,EQ-0083,T-028,2024-10-30,Corrective,Emergency,Completed,0.57,4.67,18.32,0.0,18.32
MO-01079,N-01145,EQ-0007,T-002,2025-10-03,Preventive,Medium,Completed,4.33,0.0,181.83,0.0,181.83
MO-01080,N-01146,EQ-0091,T-015,2024-01-31,Preventive,Medium,Open,9.07,0.0,498.76,175.0,673.76
MO-01081,N-01147,EQ-0072,T-003,2024-05-21,Preventive,Low,Completed,2.97,0.0,124.71,770.0,894.71
MO-01082,N-01148,EQ-0030,T-021,2025-09-05,Corrective,High,Closed,2.88,3.1,120.94,0.0,120.94
MO-01083,N-01150,EQ-0088,T-030,2026-04-04,Corrective,High,Completed,6.09,11.6,334.69,64.0,398.69
MO-01084,N-01152,EQ-0026,T-007,2025-08-24,Corrective,Medium,Completed,6.04,7.34,253.6,820.0,1073.6
MO-01085,N-01153,EQ-0013,T-005,2026-05-03,Preventive,Medium,Completed,2.05,0.0,112.71,0.0,112.71
MO-01086,N-01154,EQ-0061,T-019,2024-02-22,Preventive,Medium,Completed,2.08,0.0,114.59,0.0,114.59
MO-01087,N-01155,EQ-0058,T-016,2025-10-28,Preventive,Low,Completed,1.67,0.0,91.59,476.0,567.59
MO-01088,N-01156,EQ-0044,T-025,2025-07-03,Preventive,Medium,Completed,4.61,0.0,147.67,390.0,537.67
MO-01089,N-01157,EQ-0014,T-004,2026-06-22,Corrective,Medium,Completed,4.63,10.27,254.52,0.0,254.52
MO-01090,N-01158,EQ-0047,T-025,2024-08-29,Corrective,Medium,Completed,5.21,12.28,166.83,420.0,586.83
MO-01091,N-01159,EQ-0083,T-014,2024-12-28,Corrective,Low,Open,18.91,3.4,605.22,185.0,790.22
MO-01092,N-01160,EQ-0015,T-010,2026-05-21,Preventive,High,Completed,1.79,0.0,98.19,0.0,98.19
MO-01093,N-01161,EQ-0005,T-013,2024-11-27,Corrective,High,Completed,3.99,3.8,219.23,430.0,649.23
MO-01094,N-01164,EQ-0090,T-020,2025-08-20,Preventive,Medium,Completed,1.86,0.0,102.45,32.0,134.45
MO-01095,N-01165,EQ-0015,T-019,2024-04-01,Corrective,Medium,Completed,0.5,4.56,27.5,540.0,567.5
MO-01096,N-01166,EQ-0063,T-007,2024-12-04,Corrective,Medium,Completed,5.54,5.37,232.59,240.0,472.59
MO-01097,N-01167,EQ-0097,T-010,2026-04-24,Corrective,Medium,Completed,7.49,7.08,412.07,546.0,958.07
MO-01098,N-01168,EQ-0017,T-019,2025-01-24,Corrective,Medium,Closed,0.55,2.86,30.01,3750.0,3780.01
MO-01099,N-01169,EQ-0004,T-028,2026-04-08,Preventive,High,Completed,5.65,0.0,180.68,246.0,426.68
MO-01100,N-01170,EQ-0030,T-021,2025-06-21,Corrective,Medium,Completed,1.26,6.88,52.99,140.0,192.99
MO-01101,N-01171,EQ-0042,T-013,2026-06-20,Preventive,Medium,Completed,4.39,0.0,241.46,162.0,403.46
MO-01102,N-01172,EQ-0071,T-028,2024-01-26,Preventive,Medium,Completed,3.59,0.0,115.0,0.0,115.0
MO-01103,N-01173,EQ-0011,T-011,2024-01-27,Corrective,Medium,Completed,4.76,9.9,152.3,285.0,437.3
MO-01104,N-01174,EQ-0084,T-030,2024-05-16,Corrective,Medium,Completed,1.46,3.95,80.16,705.0,785.16
MO-01105,N-01176,EQ-0038,T-007,2026-05-16,Preventive,Medium,Completed,6.79,0.0,285.24,890.0,1175.24
MO-01106,N-01177,EQ-0026,T-028,2024-11-29,Corrective,High,Completed,5.6,9.34,179.3,570.0,749.3
MO-01107,N-01178,EQ-0056,T-008,2024-04-22,Preventive,Medium,Closed,8.22,0.0,451.91,1250.0,1701.91
MO-01108,N-01179,EQ-0084,T-025,2024-03-25,Corrective,Emergency,Closed,3.16,8.45,101.1,2855.0,2956.1
MO-01109,N-01180,EQ-0093,T-019,2024-05-28,Corrective,Medium,Completed,5.68,1.54,312.47,0.0,312.47
MO-01110,N-01182,EQ-0056,T-020,2025-09-12,Corrective,Medium,Completed,2.76,7.97,151.86,0.0,151.86
MO-01111,N-01183,EQ-0046,T-030,2024-11-23,Preventive,Low,Completed,4.72,0.0,259.42,360.0,619.42
MO-01112,N-01184,EQ-0023,T-006,2025-01-15,Corrective,Medium,Completed,4.34,5.42,138.98,565.0,703.98
MO-01113,N-01185,EQ-0003,T-019,2024-11-09,Corrective,Medium,Closed,2.93,7.55,161.27,170.0,331.27
MO-01114,N-01186,EQ-0070,T-005,2025-08-29,Preventive,High,Completed,5.63,0.0,309.91,110.0,419.91
MO-01115,N-01187,EQ-0015,T-021,2024-08-03,Corrective,Medium,Completed,2.87,10.62,120.49,1035.0,1155.49
MO-01116,N-01188,EQ-0005,T-030,2025-01-08,Corrective,Medium,Completed,3.15,12.08,173.12,230.0,403.12
MO-01117,N-01189,EQ-0073,T-012,2024-04-15,Corrective,Medium,Closed,2.6,2.37,83.25,0.0,83.25
MO-01118,N-01190,EQ-0028,T-005,2025-02-22,Preventive,Medium,Closed,2.17,0.0,119.56,0.0,119.56
MO-01119,N-01191,EQ-0094,T-030,2025-12-28,Corrective,High,Completed,3.19,7.45,175.36,36.0,211.36
MO-01120,N-01192,EQ-0097,T-012,2024-04-10,Corrective,Medium,Completed,3.23,6.92,103.27,645.0,748.27
MO-01121,N-01193,EQ-0054,T-029,2024-09-17,Preventive,Medium,Completed,3.58,0.0,197.0,96.0,293.0
MO-01122,N-01194,EQ-0008,T-029,2026-04-20,Corrective,Low,Completed,1.69,2.83,92.87,390.0,482.87
MO-01123,N-01197,EQ-0060,T-019,2026-05-01,Preventive,Medium,Completed,9.62,0.0,529.34,0.0,529.34
MO-01124,N-01198,EQ-0002,T-025,2024-05-27,Preventive,Medium,Completed,6.28,0.0,200.9,128.0,328.9
MO-01125,N-01199,EQ-0044,T-022,2024-06-05,Preventive,Medium,Completed,6.34,0.0,202.97,0.0,202.97
MO-01126,N-01200,EQ-0037,T-020,2025-06-19,Preventive,Low,Closed,3.53,0.0,194.21,4010.0,4204.21
MO-01127,N-01201,EQ-0093,T-016,2024-01-08,Preventive,High,Completed,8.44,0.0,464.02,2500.0,2964.02
MO-01128,N-01202,EQ-0014,T-009,2025-01-04,Corrective,Low,Completed,2.44,5.44,134.23,0.0,134.23
MO-01129,N-01203,EQ-0078,T-020,2025-07-20,Corrective,Medium,Completed,4.74,2.33,260.88,0.0,260.88
MO-01130,N-01204,EQ-0026,T-020,2026-03-08,Corrective,Medium,Closed,1.41,9.81,77.46,0.0,77.46
MO-01131,N-01205,EQ-0006,T-009,2026-05-05,Preventive,Medium,Completed,4.54,0.0,249.45,0.0,249.45
MO-01132,N-01206,EQ-0079,T-003,2026-01-08,Corrective,Medium,Completed,4.85,3.42,203.81,150.0,353.81
MO-01133,N-01207,EQ-0020,T-012,2024-07-25,Preventive,Medium,Completed,2.37,0.0,75.71,228.0,303.71
MO-01134,N-01209,EQ-0082,T-025,2025-06-22,Corrective,High,Completed,3.66,9.57,117.25,616.0,733.25
MO-01135,N-01210,EQ-0035,T-013,2026-06-13,Preventive,Low,Completed,11.65,0.0,640.87,55.0,695.87
MO-01136,N-01211,EQ-0006,T-021,2024-06-01,Corrective,Medium,Completed,5.18,0.5,217.69,0.0,217.69
MO-01137,N-01214,EQ-0084,T-015,2026-01-24,Corrective,High,Completed,2.07,10.83,113.92,0.0,113.92
MO-01138,N-01215,EQ-0069,T-029,2026-01-01,Corrective,Low,Completed,3.89,6.79,213.71,277.0,490.71
MO-01139,N-01216,EQ-0088,T-013,2024-06-01,Preventive,Low,Completed,0.78,0.0,42.86,0.0,42.86
MO-01140,N-01217,EQ-0040,T-018,2025-12-29,Corrective,Emergency,Completed,4.21,3.63,176.81,0.0,176.81
MO-01141,N-01218,EQ-0015,T-002,2025-09-10,Preventive,Medium,Completed,2.94,0.0,123.56,1505.0,1628.56
MO-01142,N-01219,EQ-0078,T-028,2025-09-25,Corrective,Medium,Completed,1.66,6.69,53.08,240.0,293.08
MO-01143,N-01220,EQ-0030,T-002,2024-09-15,Corrective,High,Completed,5.58,6.77,234.2,0.0,234.2
MO-01144,N-01221,EQ-0001,T-012,2025-12-31,Corrective,Medium,Completed,5.81,7.89,186.02,4090.0,4276.02
MO-01145,N-01222,EQ-0053,T-030,2025-04-09,Preventive,Medium,Completed,4.21,0.0,231.72,54.0,285.72
MO-01146,N-01223,EQ-0053,T-020,2024-07-10,Corrective,Medium,Completed,5.58,8.77,306.99,600.0,906.99
MO-01147,N-01225,EQ-0082,T-018,2024-04-07,Corrective,Low,Completed,11.77,10.47,494.19,475.0,969.19
MO-01148,N-01226,EQ-0060,T-028,2025-07-27,Corrective,Low,Open,6.58,11.24,210.59,895.0,1105.59
MO-01149,N-01227,EQ-0072,T-018,2025-04-06,Corrective,Medium,Completed,1.16,0.81,48.8,119.0,167.8
MO-01150,N-01228,EQ-0098,T-002,2025-02-18,Corrective,Medium,Completed,4.97,2.71,208.88,1380.0,1588.88
MO-01151,N-01229,EQ-0066,T-021,2026-02-27,Preventive,Low,Completed,1.72,0.0,72.1,0.0,72.1
MO-01152,N-01230,EQ-0005,T-008,2026-01-21,Corrective,Medium,Completed,2.22,7.76,122.29,130.0,252.29
MO-01153,N-01231,EQ-0089,T-016,2024-08-21,Preventive,Medium,Completed,0.5,0.0,27.5,0.0,27.5
MO-01154,N-01232,EQ-0066,T-002,2026-05-05,Corrective,High,Completed,7.94,1.43,333.55,95.0,428.55
MO-01155,N-01233,EQ-0091,T-012,2024-11-10,Preventive,Medium,Completed,5.77,0.0,184.62,300.0,484.62
MO-01156,N-01234,EQ-0044,T-018,2026-05-27,Corrective,Medium,Completed,4.26,2.84,178.76,0.0,178.76
MO-01157,N-01235,EQ-0096,T-010,2025-05-27,Preventive,Medium,Open,8.24,0.0,453.14,45.0,498.14
MO-01158,N-01236,EQ-0077,T-027,2024-01-24,Corrective,Medium,Closed,11.21,3.54,358.74,325.0,683.74
MO-01159,N-01237,EQ-0039,T-006,2026-03-23,Preventive,Medium,Completed,3.23,0.0,103.22,225.0,328.22
MO-01160,N-01238,EQ-0013,T-027,2024-09-16,Corrective,High,Completed,9.87,5.64,315.69,0.0,315.69
MO-01161,N-01239,EQ-0019,T-005,2025-06-16,Corrective,High,Completed,10.79,7.41,593.32,0.0,593.32
MO-01162,N-01240,EQ-0063,T-024,2026-04-14,Preventive,High,Completed,2.4,0.0,100.82,0.0,100.82
MO-01163,N-01241,EQ-0048,T-028,2024-07-17,Preventive,Medium,Completed,6.39,0.0,204.53,510.0,714.53
MO-01164,N-01242,EQ-0004,T-021,2024-02-14,Preventive,Medium,Completed,2.38,0.0,100.03,0.0,100.03
MO-01165,N-01243,EQ-0049,T-020,2026-02-09,Preventive,Low,Completed,12.36,0.0,679.78,530.0,1209.78
MO-01166,N-01244,EQ-0096,T-013,2025-05-31,Corrective,Medium,Completed,8.01,9.22,440.51,640.0,1080.51
MO-01167,N-01245,EQ-0073,T-009,2024-10-18,Corrective,High,Completed,6.72,7.6,369.36,444.0,813.36
MO-01168,N-01246,EQ-0065,T-010,2025-01-11,Corrective,High,Completed,11.83,4.96,650.69,796.0,1446.69
MO-01169,N-01247,EQ-0096,T-024,2025-01-18,Preventive,Medium,Completed,4.27,0.0,179.18,900.0,1079.18
MO-01170,N-01248,EQ-0004,T-028,2025-07-20,Preventive,Medium,Completed,5.07,0.0,162.28,420.0,582.28
MO-01171,N-01249,EQ-0041,T-021,2025-11-04,Preventive,High,Closed,8.5,0.0,357.11,590.0,947.11
MO-01172,N-01250,EQ-0035,T-025,2026-01-27,Preventive,Medium,Completed,11.96,0.0,382.85,36.0,418.85
MO-01173,N-01251,EQ-0001,T-014,2024-10-09,Preventive,Medium,Closed,4.31,0.0,137.81,0.0,137.81
MO-01174,N-01252,EQ-0037,T-023,2025-10-30,Preventive,Medium,Completed,3.69,0.0,202.89,0.0,202.89
MO-01175,N-01253,EQ-0018,T-015,2026-01-23,Corrective,Medium,Completed,15.61,4.99,858.69,0.0,858.69
MO-01176,N-01254,EQ-0068,T-024,2024-02-27,Preventive,High,Completed,10.4,0.0,436.73,0.0,436.73
MO-01177,N-01255,EQ-0006,T-018,2025-04-02,Corrective,Medium,Completed,14.55,10.21,611.13,0.0,611.13
MO-01178,N-01257,EQ-0098,T-003,2026-02-11,Corrective,Medium,Completed,6.32,4.31,265.32,0.0,265.32
MO-01179,N-01258,EQ-0069,T-013,2025-03-09,Preventive,Medium,Completed,3.02,0.0,166.35,0.0,166.35
MO-01180,N-01259,EQ-0004,T-028,2025-05-03,Corrective,Medium,Completed,8.46,0.68,270.7,0.0,270.7
MO-01181,N-01260,EQ-0098,T-015,2024-03-18,Corrective,Low,Completed,2.98,7.41,164.01,0.0,164.01
MO-01182,N-01261,EQ-0037,T-028,2026-05-26,Preventive,Low,Completed,2.52,0.0,80.74,2755.0,2835.74
MO-01183,N-01262,EQ-0009,T-024,2024-09-15,Corrective,Medium,Completed,1.41,10.8,59.39,0.0,59.39
MO-01184,N-01263,EQ-0018,T-015,2024-11-07,Corrective,Medium,Completed,1.92,1.54,105.64,0.0,105.64
MO-01185,N-01264,EQ-0051,T-004,2024-06-18,Corrective,Medium,Completed,4.13,2.9,227.25,2010.0,2237.25
MO-01186,N-01265,EQ-0012,T-009,2025-12-27,Preventive,Medium,Completed,2.61,0.0,143.75,900.0,1043.75
MO-01187,N-01266,EQ-0048,T-017,2024-07-24,Preventive,Medium,Completed,3.82,0.0,210.01,120.0,330.01
MO-01188,N-01267,EQ-0028,T-017,2025-05-16,Corrective,Low,Completed,0.5,7.6,27.5,450.0,477.5
MO-01189,N-01268,EQ-0018,T-005,2024-03-23,Corrective,Low,Closed,1.13,6.88,61.99,190.0,251.99
MO-01190,N-01269,EQ-0035,T-019,2025-12-11,Corrective,Low,Completed,3.16,5.05,173.8,235.0,408.8
MO-01191,N-01270,EQ-0066,T-003,2026-01-04,Preventive,Medium,Completed,3.94,0.0,165.6,600.0,765.6
MO-01192,N-01271,EQ-0073,T-028,2024-06-16,Preventive,Low,Completed,2.41,0.0,77.19,0.0,77.19
MO-01193,N-01272,EQ-0013,T-023,2025-11-28,Preventive,Medium,Open,1.56,0.0,85.77,450.0,535.77
MO-01194,N-01273,EQ-0043,T-012,2025-07-10,Preventive,Medium,Completed,8.19,0.0,261.97,130.0,391.97
MO-01195,N-01274,EQ-0024,T-016,2024-03-24,Preventive,Medium,Completed,3.4,0.0,186.98,190.0,376.98
MO-01196,N-01275,EQ-0073,T-020,2024-06-24,Corrective,Medium,Completed,0.61,1.71,33.65,0.0,33.65
MO-01197,N-01276,EQ-0072,T-024,2024-07-26,Preventive,Medium,Completed,4.75,0.0,199.43,148.0,347.43
MO-01198,N-01277,EQ-0020,T-019,2024-02-22,Preventive,Low,Completed,3.69,0.0,203.13,190.0,393.13
MO-01199,N-01278,EQ-0044,T-025,2025-05-01,Preventive,High,Completed,4.51,0.0,144.3,760.0,904.3
MO-01200,N-01279,EQ-0050,T-004,2026-05-11,Preventive,Medium,Completed,5.2,0.0,286.07,380.0,666.07
MO-01201,N-01281,EQ-0076,T-007,2024-03-11,Corrective,Medium,Completed,1.92,10.56,80.82,525.0,605.82
MO-01202,N-01283,EQ-0042,T-024,2025-01-17,Preventive,High,Completed,16.03,0.0,673.11,0.0,673.11
MO-01203,N-01285,EQ-0076,T-021,2025-11-18,Corrective,Medium,Closed,3.68,5.89,154.47,625.0,779.47
MO-01204,N-01286,EQ-0031,T-028,2025-03-02,Preventive,Medium,Closed,9.96,0.0,318.79,54.0,372.79
MO-01205,N-01287,EQ-0093,T-021,2025-01-01,Preventive,Medium,Closed,2.84,0.0,119.29,465.0,584.29
MO-01206,N-01289,EQ-0032,T-004,2025-12-09,Preventive,Medium,Completed,7.72,0.0,424.48,560.0,984.48
MO-01207,N-01290,EQ-0039,T-022,2025-01-01,Preventive,Low,Completed,9.24,0.0,295.58,420.0,715.58
MO-01208,N-01291,EQ-0075,T-022,2024-09-05,Preventive,Low,Completed,3.77,0.0,120.65,82.0,202.65
MO-01209,N-01292,EQ-0090,T-026,2025-02-25,Corrective,Medium,Closed,6.57,4.19,361.4,54.0,415.4
MO-01210,N-01293,EQ-0084,T-027,2026-01-18,Preventive,Low,Completed,2.02,0.0,64.55,2532.0,2596.55
MO-01211,N-01294,EQ-0039,T-030,2025-02-14,Preventive,Medium,Closed,3.54,0.0,194.95,0.0,194.95
MO-01212,N-01295,EQ-0089,T-002,2025-02-28,Corrective,Medium,Completed,3.1,1.58,130.05,260.0,390.05
MO-01213,N-01296,EQ-0054,T-014,2024-05-25,Corrective,High,Completed,9.0,2.08,288.02,0.0,288.02
MO-01214,N-01297,EQ-0006,T-024,2025-05-12,Corrective,Medium,Completed,6.16,5.42,258.86,1555.0,1813.86
MO-01215,N-01298,EQ-0006,T-017,2024-11-21,Preventive,Medium,Completed,5.64,0.0,310.47,495.0,805.47
MO-01216,N-01299,EQ-0085,T-011,2024-07-27,Preventive,Medium,Completed,11.0,0.0,352.15,480.0,832.15
MO-01217,N-01300,EQ-0079,T-030,2024-04-26,Preventive,Medium,Completed,3.23,0.0,177.81,390.0,567.81
MO-01218,N-01301,EQ-0092,T-016,2024-05-18,Corrective,Emergency,Completed,4.76,5.3,262.04,420.0,682.04
MO-01219,N-01302,EQ-0005,T-028,2025-05-08,Preventive,High,Completed,2.44,0.0,77.93,0.0,77.93
MO-01220,N-01303,EQ-0047,T-011,2026-01-24,Corrective,Medium,Completed,3.8,6.65,121.49,525.0,646.49
MO-01221,N-01304,EQ-0028,T-024,2025-09-06,Corrective,Medium,Completed,0.61,8.45,25.6,0.0,25.6
MO-01222,N-01305,EQ-0072,T-007,2025-12-10,Corrective,Medium,Completed,7.47,2.19,313.89,110.0,423.89
MO-01223,N-01306,EQ-0064,T-003,2024-06-13,Preventive,Medium,Completed,1.84,0.0,77.44,0.0,77.44
MO-01224,N-01307,EQ-0056,T-022,2025-03-24,Preventive,Medium,Completed,8.56,0.0,273.84,175.0,448.84
MO-01225,N-01308,EQ-0027,T-008,2025-09-14,Corrective,Low,Completed,1.17,10.69,64.4,2500.0,2564.4
MO-01226,N-01309,EQ-0039,T-010,2026-01-09,Corrective,Medium,Closed,12.61,4.59,693.28,36.0,729.28
MO-01227,N-01310,EQ-0002,T-016,2026-01-12,Corrective,Medium,Completed,0.88,4.25,48.34,0.0,48.34
MO-01228,N-01311,EQ-0033,T-012,2024-06-09,Corrective,Emergency,Open,9.36,5.98,299.41,36.0,335.41
MO-01229,N-01312,EQ-0081,T-004,2025-01-06,Preventive,Medium,Completed,9.05,0.0,497.83,240.0,737.83
MO-01230,N-01313,EQ-0037,T-020,2024-02-01,Corrective,Medium,Completed,2.76,7.99,151.56,130.0,281.56
MO-01231,N-01314,EQ-0041,T-019,2024-01-05,Corrective,High,Completed,11.2,4.67,615.85,170.0,785.85
MO-01232,N-01315,EQ-0035,T-007,2024-05-19,Corrective,Low,Completed,3.7,2.62,155.2,420.0,575.2
MO-01233,N-01316,EQ-0042,T-025,2025-07-04,Corrective,Low,Completed,11.3,9.97,361.53,260.0,621.53
MO-01234,N-01317,EQ-0045,T-006,2026-03-06,Corrective,High,Completed,5.04,21.89,161.31,3840.0,4001.31
MO-01235,N-01318,EQ-0080,T-021,2024-05-25,Preventive,High,Completed,4.97,0.0,208.68,206.0,414.68
MO-01236,N-01319,EQ-0056,T-017,2025-06-23,Preventive,Medium,Completed,2.62,0.0,143.85,2755.0,2898.85
MO-01237,N-01320,EQ-0007,T-003,2025-01-19,Corrective,High,Completed,2.92,14.89,122.55,36.0,158.55
MO-01238,N-01321,EQ-0046,T-003,2024-10-02,Corrective,Medium,Closed,4.85,6.25,203.79,135.0,338.79
MO-01239,N-01322,EQ-0094,T-014,2024-01-28,Preventive,High,Completed,1.37,0.0,43.84,350.0,393.84
MO-01240,N-01323,EQ-0053,T-003,2026-03-27,Corrective,Low,Completed,0.8,14.04,33.7,199.0,232.7
MO-01241,N-01324,EQ-0041,T-012,2025-11-04,Preventive,Medium,Completed,3.61,0.0,115.55,665.0,780.55
MO-01242,N-01325,EQ-0074,T-003,2024-04-28,Preventive,High,Completed,9.07,0.0,381.08,0.0,381.08
MO-01243,N-01326,EQ-0076,T-022,2024-03-05,Corrective,Medium,Completed,4.35,8.39,139.26,255.0,394.26
MO-01244,N-01327,EQ-0017,T-019,2024-11-04,Corrective,Medium,Completed,11.18,3.36,614.85,0.0,614.85
MO-01245,N-01328,EQ-0061,T-023,2026-01-11,Preventive,Medium,Completed,6.07,0.0,333.6,0.0,333.6
MO-01246,N-01329,EQ-0065,T-007,2026-05-14,Preventive,Medium,Open,2.45,0.0,103.08,210.0,313.08
MO-01247,N-01330,EQ-0001,T-008,2024-12-29,Corrective,Medium,Completed,6.83,8.16,375.38,0.0,375.38
MO-01248,N-01332,EQ-0005,T-017,2025-08-07,Preventive,Medium,Completed,5.35,0.0,294.13,0.0,294.13
MO-01249,N-01333,EQ-0019,T-005,2025-04-23,Corrective,Medium,Completed,6.62,1.25,364.32,0.0,364.32
MO-01250,N-01335,EQ-0080,T-010,2024-11-23,Corrective,Medium,Completed,5.98,5.17,328.97,655.0,983.97
MO-01251,N-01336,EQ-0024,T-017,2024-03-04,Corrective,Medium,Completed,7.94,6.78,436.94,369.0,805.94
MO-01252,N-01337,EQ-0097,T-029,2025-11-25,Preventive,Medium,Completed,5.48,0.0,301.19,3130.0,3431.19
MO-01253,N-01338,EQ-0014,T-015,2024-02-15,Corrective,Medium,Completed,2.46,0.71,135.08,630.0,765.08
MO-01254,N-01339,EQ-0055,T-002,2025-10-17,Preventive,Medium,Completed,4.41,0.0,185.05,0.0,185.05
MO-01255,N-01340,EQ-0019,T-003,2024-08-20,Preventive,Medium,Completed,4.05,0.0,170.13,0.0,170.13
MO-01256,N-01341,EQ-0090,T-010,2026-02-24,Preventive,High,Completed,8.09,0.0,445.14,2660.0,3105.14
MO-01257,N-01342,EQ-0058,T-028,2024-11-13,Corrective,Medium,Completed,4.02,9.96,128.75,0.0,128.75
MO-01258,N-01343,EQ-0053,T-007,2025-05-16,Preventive,Medium,Closed,1.85,0.0,77.5,0.0,77.5
MO-01259,N-01344,EQ-0024,T-001,2026-04-26,Preventive,Medium,Completed,1.9,0.0,104.74,280.0,384.74
MO-01260,N-01345,EQ-0001,T-030,2024-02-02,Preventive,Medium,Completed,2.04,0.0,112.38,345.0,457.38
MO-01261,N-01346,EQ-0023,T-001,2024-05-16,Corrective,Medium,Completed,8.45,5.1,464.91,185.0,649.91
MO-01262,N-01347,EQ-0014,T-030,2025-07-14,Preventive,Medium,Completed,3.36,0.0,184.82,165.0,349.82
MO-01263,N-01348,EQ-0065,T-029,2025-12-24,Preventive,Medium,Completed,6.35,0.0,349.37,210.0,559.37
MO-01264,N-01350,EQ-0014,T-024,2024-04-03,Corrective,Medium,Completed,13.72,1.01,576.34,0.0,576.34
MO-01265,N-01351,EQ-0093,T-004,2026-06-26,Preventive,High,Completed,1.13,0.0,62.26,0.0,62.26
MO-01266,N-01352,EQ-0008,T-019,2024-10-16,Corrective,High,Completed,2.43,1.94,133.84,0.0,133.84
MO-01267,N-01353,EQ-0026,T-010,2025-09-17,Preventive,Medium,Closed,5.6,0.0,308.22,525.0,833.22
MO-01268,N-01354,EQ-0075,T-002,2024-08-19,Corrective,Low,Completed,0.52,11.17,21.92,0.0,21.92
MO-01269,N-01355,EQ-0077,T-002,2024-10-06,Corrective,Medium,Closed,6.82,10.2,286.54,425.0,711.54
MO-01270,N-01356,EQ-0088,T-004,2024-03-19,Preventive,Medium,Closed,4.82,0.0,264.94,0.0,264.94
MO-01271,N-01357,EQ-0032,T-003,2025-01-02,Corrective,Medium,Completed,3.36,5.05,140.97,715.0,855.97
MO-01272,N-01358,EQ-0052,T-030,2024-05-18,Corrective,Medium,Completed,3.32,10.21,182.4,0.0,182.4
MO-01273,N-01359,EQ-0011,T-001,2024-07-10,Corrective,High,Completed,6.89,3.52,379.21,0.0,379.21
MO-01274,N-01360,EQ-0082,T-004,2024-11-09,Preventive,Medium,Completed,10.24,0.0,563.14,320.0,883.14
MO-01275,N-01361,EQ-0001,T-005,2024-01-14,Preventive,Medium,Closed,2.8,0.0,154.12,356.0,510.12
MO-01276,N-01362,EQ-0019,T-026,2025-11-24,Preventive,Medium,Completed,1.88,0.0,103.66,265.0,368.66
MO-01277,N-01364,EQ-0076,T-002,2026-02-06,Corrective,High,Completed,2.26,7.59,94.86,45.0,139.86
MO-01278,N-01365,EQ-0085,T-001,2025-06-06,Corrective,High,Completed,2.03,11.78,111.6,0.0,111.6
MO-01279,N-01366,EQ-0047,T-010,2026-04-10,Corrective,Medium,Closed,1.12,3.23,61.85,0.0,61.85
MO-01280,N-01367,EQ-0061,T-015,2025-02-02,Preventive,Medium,Completed,5.92,0.0,325.8,120.0,445.8
MO-01281,N-01368,EQ-0087,T-003,2025-02-06,Preventive,High,Completed,6.23,0.0,261.48,0.0,261.48
MO-01282,N-01369,EQ-0002,T-005,2025-01-15,Preventive,High,Completed,0.52,0.0,28.6,36.0,64.6
MO-01283,N-01370,EQ-0050,T-009,2024-04-02,Corrective,Medium,Completed,1.79,4.62,98.52,2671.0,2769.52
MO-01284,N-01371,EQ-0085,T-026,2026-02-06,Preventive,Medium,Completed,6.1,0.0,335.48,0.0,335.48
MO-01285,N-01372,EQ-0079,T-005,2026-06-17,Preventive,Medium,Completed,3.86,0.0,212.55,680.0,892.55
MO-01286,N-01373,EQ-0097,T-018,2024-04-18,Preventive,Medium,Completed,2.43,0.0,101.99,360.0,461.99
MO-01287,N-01374,EQ-0022,T-021,2025-10-19,Corrective,Medium,Completed,6.95,16.02,291.71,130.0,421.71
MO-01288,N-01375,EQ-0069,T-016,2024-11-28,Preventive,Medium,Completed,8.33,0.0,458.31,184.0,642.31
MO-01289,N-01376,EQ-0061,T-003,2025-11-14,Preventive,Medium,Completed,13.21,0.0,554.71,0.0,554.71
MO-01290,N-01377,EQ-0011,T-001,2026-06-13,Preventive,Low,Open,6.43,0.0,353.84,120.0,473.84
MO-01291,N-01378,EQ-0049,T-022,2025-06-15,Corrective,Medium,Completed,2.05,1.79,65.45,802.0,867.45
MO-01292,N-01379,EQ-0071,T-022,2025-06-21,Preventive,High,Completed,8.03,0.0,256.97,135.0,391.97
MO-01293,N-01380,EQ-0001,T-017,2025-04-07,Preventive,Low,Completed,2.63,0.0,144.46,600.0,744.46
MO-01294,N-01381,EQ-0045,T-001,2024-02-15,Corrective,Medium,Completed,12.16,4.29,669.01,0.0,669.01
MO-01295,N-01382,EQ-0029,T-005,2024-01-24,Preventive,Medium,Completed,5.0,0.0,274.75,280.0,554.75
MO-01296,N-01383,EQ-0019,T-010,2025-01-01,Preventive,Low,Open,7.27,0.0,399.98,600.0,999.98
MO-01297,N-01384,EQ-0079,T-013,2025-04-09,Corrective,High,Completed,9.14,1.73,502.72,0.0,502.72
MO-01298,N-01385,EQ-0003,T-020,2026-04-15,Corrective,High,Completed,3.4,6.01,187.26,490.0,677.26
MO-01299,N-01386,EQ-0023,T-016,2024-12-28,Preventive,Medium,Completed,5.59,0.0,307.19,0.0,307.19
MO-01300,N-01387,EQ-0026,T-018,2026-06-27,Corrective,High,Completed,19.93,1.16,837.07,390.0,1227.07
MO-01301,N-01388,EQ-0088,T-014,2026-01-26,Preventive,Low,Completed,5.09,0.0,162.79,255.0,417.79
MO-01302,N-01389,EQ-0086,T-014,2024-03-17,Preventive,High,Completed,4.59,0.0,146.89,0.0,146.89
MO-01303,N-01390,EQ-0046,T-013,2025-09-07,Preventive,Medium,Completed,5.66,0.0,311.46,0.0,311.46
MO-01304,N-01391,EQ-0085,T-024,2025-11-22,Corrective,Medium,Completed,1.92,5.85,80.77,360.0,440.77
MO-01305,N-01392,EQ-0036,T-004,2026-03-03,Preventive,Low,Completed,9.43,0.0,518.67,303.0,821.67
MO-01306,N-01393,EQ-0087,T-001,2024-11-10,Preventive,Medium,Completed,4.2,0.0,231.23,345.0,576.23
MO-01307,N-01394,EQ-0016,T-001,2026-06-24,Preventive,Medium,Closed,1.96,0.0,107.57,0.0,107.57
MO-01308,N-01396,EQ-0043,T-008,2024-08-11,Preventive,Medium,Completed,11.65,0.0,640.86,85.0,725.86
MO-01309,N-01397,EQ-0081,T-024,2025-03-08,Preventive,Low,Closed,3.95,0.0,165.71,360.0,525.71
MO-01310,N-01398,EQ-0097,T-026,2024-09-30,Corrective,Low,Completed,14.39,2.01,791.51,0.0,791.51
MO-01311,N-01399,EQ-0053,T-011,2026-01-31,Preventive,Medium,Completed,4.36,0.0,139.5,195.0,334.5
MO-01312,N-01400,EQ-0098,T-011,2025-09-01,Corrective,Low,Completed,3.84,1.14,122.74,1110.0,1232.74
MO-01313,N-01401,EQ-0035,T-022,2025-12-15,Corrective,Emergency,Completed,3.52,5.57,112.52,0.0,112.52
MO-01314,N-01402,EQ-0009,T-019,2026-02-16,Corrective,Medium,Completed,2.58,3.0,142.02,0.0,142.02
MO-01315,N-01403,EQ-0024,T-029,2025-03-03,Corrective,Medium,Closed,2.7,21.7,148.37,0.0,148.37
MO-01316,N-01404,EQ-0075,T-018,2024-12-27,Corrective,High,Completed,1.81,1.4,76.23,175.0,251.23
MO-01317,N-01405,EQ-0045,T-014,2026-06-30,Corrective,High,Completed,8.56,4.6,273.81,288.0,561.81
MO-01318,N-01406,EQ-0022,T-020,2025-08-18,Corrective,Medium,Completed,8.07,8.41,443.77,119.0,562.77
MO-01319,N-01407,EQ-0001,T-022,2024-02-16,Preventive,Low,Open,5.07,0.0,162.21,140.0,302.21
MO-01320,N-01408,EQ-0087,T-005,2024-07-04,Preventive,Medium,Completed,2.96,0.0,163.0,3835.0,3998.0
MO-01321,N-01409,EQ-0075,T-027,2025-06-09,Preventive,Medium,Completed,4.62,0.0,147.77,95.0,242.77
MO-01322,N-01410,EQ-0063,T-021,2024-10-10,Preventive,Medium,Completed,1.23,0.0,51.56,320.0,371.56
MO-01323,N-01411,EQ-0022,T-007,2025-07-22,Corrective,High,Completed,3.25,2.24,136.62,1020.0,1156.62
MO-01324,N-01412,EQ-0028,T-026,2025-03-22,Corrective,High,Completed,7.19,7.21,395.51,285.0,680.51
MO-01325,N-01413,EQ-0016,T-008,2024-11-21,Corrective,Medium,Completed,3.06,7.79,168.09,350.0,518.09
MO-01326,N-01414,EQ-0024,T-019,2026-04-16,Preventive,Medium,Completed,4.55,0.0,250.51,434.0,684.51
MO-01327,N-01415,EQ-0030,T-007,2024-09-15,Corrective,Medium,Completed,5.98,8.69,251.14,0.0,251.14
MO-01328,N-01416,EQ-0022,T-012,2024-06-07,Corrective,Medium,Completed,10.03,8.7,320.93,705.0,1025.93
MO-01329,N-01417,EQ-0034,T-005,2024-06-07,Corrective,Medium,Completed,2.01,3.23,110.8,1245.0,1355.8
MO-01330,N-01418,EQ-0091,T-008,2026-02-06,Corrective,High,Completed,1.89,13.37,103.91,589.0,692.91
MO-01331,N-01419,EQ-0069,T-015,2025-11-01,Preventive,Medium,Completed,6.28,0.0,345.5,148.0,493.5
MO-01332,N-01420,EQ-0045,T-023,2025-12-11,Preventive,Medium,Completed,7.44,0.0,409.45,516.0,925.45
MO-01333,N-01421,EQ-0064,T-016,2025-12-16,Preventive,Medium,Completed,1.51,0.0,83.22,0.0,83.22
MO-01334,N-01422,EQ-0096,T-020,2025-11-27,Preventive,Medium,Closed,7.08,0.0,389.51,420.0,809.51
MO-01335,N-01423,EQ-0076,T-009,2025-10-05,Corrective,Emergency,Open,3.37,0.59,185.3,320.0,505.3
MO-01336,N-01425,EQ-0030,T-001,2025-08-04,Corrective,Medium,Completed,2.74,10.71,150.82,0.0,150.82
MO-01337,N-01426,EQ-0055,T-021,2025-07-23,Preventive,Medium,Completed,8.77,0.0,368.22,785.0,1153.22
MO-01338,N-01427,EQ-0046,T-020,2026-06-22,Preventive,Low,Completed,3.74,0.0,205.93,0.0,205.93
MO-01339,N-01428,EQ-0092,T-002,2026-05-05,Corrective,Low,Completed,0.5,5.32,21.0,0.0,21.0
MO-01340,N-01429,EQ-0010,T-011,2024-04-30,Preventive,Low,Completed,7.09,0.0,226.79,0.0,226.79
MO-01341,N-01430,EQ-0005,T-025,2025-08-16,Preventive,High,Completed,2.26,0.0,72.41,0.0,72.41
MO-01342,N-01432,EQ-0091,T-022,2024-07-25,Preventive,High,Closed,4.58,0.0,146.64,195.0,341.64
MO-01343,N-01433,EQ-0078,T-014,2024-10-22,Preventive,Medium,Completed,5.34,0.0,170.79,36.0,206.79
MO-01344,N-01434,EQ-0018,T-025,2025-05-04,Corrective,Medium,Completed,3.27,6.56,104.71,545.0,649.71
MO-01345,N-01435,EQ-0079,T-011,2024-06-27,Corrective,Low,Completed,12.84,9.15,410.72,0.0,410.72
MO-01346,N-01436,EQ-0027,T-009,2026-02-20,Corrective,Medium,Completed,1.23,5.84,67.55,565.0,632.55
MO-01347,N-01437,EQ-0011,T-009,2025-07-21,Corrective,Medium,Completed,2.71,3.57,149.03,541.0,690.03
MO-01348,N-01438,EQ-0065,T-024,2026-06-16,Preventive,High,Completed,5.81,0.0,244.08,0.0,244.08
MO-01349,N-01440,EQ-0030,T-024,2024-07-29,Preventive,High,Completed,5.16,0.0,216.72,135.0,351.72
MO-01350,N-01441,EQ-0050,T-009,2025-11-12,Preventive,Medium,Completed,9.14,0.0,502.57,0.0,502.57
MO-01351,N-01442,EQ-0072,T-010,2026-05-02,Preventive,Medium,Completed,1.62,0.0,89.08,520.0,609.08
MO-01352,N-01444,EQ-0042,T-002,2024-07-21,Preventive,Low,Completed,9.64,0.0,404.89,225.0,629.89
MO-01353,N-01445,EQ-0067,T-020,2024-02-20,Preventive,Medium,Completed,3.96,0.0,217.56,0.0,217.56
MO-01354,N-01446,EQ-0093,T-022,2026-04-25,Corrective,Medium,Completed,1.58,10.31,50.43,0.0,50.43
MO-01355,N-01447,EQ-0042,T-017,2024-01-18,Preventive,Medium,Completed,5.15,0.0,283.17,450.0,733.17
MO-01356,N-01448,EQ-0068,T-027,2026-01-04,Corrective,Medium,Closed,3.23,1.87,103.49,0.0,103.49
MO-01357,N-01449,EQ-0034,T-013,2025-11-23,Preventive,Medium,Completed,7.14,0.0,392.83,0.0,392.83
MO-01358,N-01450,EQ-0092,T-008,2024-01-17,Preventive,Medium,Completed,3.9,0.0,214.52,0.0,214.52
MO-01359,N-01452,EQ-0061,T-022,2024-02-07,Preventive,Low,Completed,3.02,0.0,96.74,2532.0,2628.74
MO-01360,N-01453,EQ-0025,T-003,2026-02-26,Corrective,Low,Completed,2.27,5.34,95.36,365.0,460.36
MO-01361,N-01454,EQ-0049,T-010,2025-09-04,Corrective,High,Completed,1.61,9.77,88.74,449.0,537.74
MO-01362,N-01455,EQ-0009,T-007,2024-03-11,Corrective,Medium,Completed,2.55,3.83,106.94,0.0,106.94
MO-01363,N-01456,EQ-0054,T-022,2025-09-27,Corrective,Medium,Completed,4.25,7.74,135.92,0.0,135.92
MO-01364,N-01457,EQ-0008,T-029,2024-08-18,Corrective,Low,Completed,3.44,7.54,188.98,540.0,728.98
MO-01365,N-01458,EQ-0094,T-009,2026-01-26,Preventive,Medium,Closed,6.36,0.0,349.7,0.0,349.7
MO-01366,N-01459,EQ-0012,T-013,2025-04-30,Preventive,Low,Completed,4.2,0.0,231.05,416.0,647.05
MO-01367,N-01460,EQ-0090,T-010,2025-12-23,Preventive,Low,Open,13.31,0.0,732.28,130.0,862.28
MO-01368,N-01461,EQ-0006,T-025,2024-03-01,Corrective,High,Completed,1.37,4.25,43.89,0.0,43.89
MO-01369,N-01462,EQ-0006,T-017,2024-12-03,Corrective,Medium,Completed,2.78,5.15,153.12,298.0,451.12
MO-01370,N-01463,EQ-0086,T-016,2024-12-14,Preventive,Low,Completed,6.04,0.0,332.0,210.0,542.0
MO-01371,N-01464,EQ-0054,T-028,2025-06-25,Preventive,High,Completed,3.4,0.0,108.84,0.0,108.84
MO-01372,N-01465,EQ-0011,T-028,2025-08-07,Preventive,Medium,Completed,4.01,0.0,128.46,135.0,263.46
MO-01373,N-01466,EQ-0082,T-009,2024-08-15,Preventive,Low,Closed,4.7,0.0,258.23,475.0,733.23
MO-01374,N-01467,EQ-0045,T-008,2024-01-24,Preventive,Medium,Completed,0.73,0.0,39.97,317.0,356.97
MO-01375,N-01468,EQ-0037,T-026,2024-12-13,Preventive,Low,Completed,3.31,0.0,181.86,50.0,231.86
MO-01376,N-01469,EQ-0093,T-028,2026-05-21,Corrective,Medium,Completed,6.2,8.33,198.39,810.0,1008.39
MO-01377,N-01470,EQ-0051,T-005,2026-01-05,Preventive,Medium,Completed,7.52,0.0,413.72,960.0,1373.72
MO-01378,N-01472,EQ-0059,T-014,2025-12-09,Preventive,Medium,Completed,4.77,0.0,152.59,0.0,152.59
MO-01379,N-01473,EQ-0020,T-006,2024-05-21,Preventive,Medium,Completed,3.34,0.0,106.97,0.0,106.97
MO-01380,N-01474,EQ-0051,T-009,2024-12-23,Preventive,Medium,Completed,9.05,0.0,498.0,0.0,498.0
MO-01381,N-01475,EQ-0040,T-015,2024-02-22,Corrective,Low,Completed,3.86,1.36,212.11,0.0,212.11
MO-01382,N-01476,EQ-0057,T-010,2026-05-12,Preventive,High,Open,12.41,0.0,682.48,2710.0,3392.48
MO-01383,N-01477,EQ-0062,T-024,2025-08-19,Preventive,High,Completed,8.02,0.0,336.87,160.0,496.87
MO-01384,N-01478,EQ-0072,T-005,2025-03-11,Corrective,High,Completed,2.86,8.93,157.44,666.0,823.44
MO-01385,N-01479,EQ-0079,T-015,2025-11-10,Preventive,Low,Completed,3.02,0.0,166.32,178.0,344.32
MO-01386,N-01480,EQ-0014,T-027,2024-09-13,Corrective,High,Completed,6.42,2.02,205.3,2975.0,3180.3
MO-01387,N-01481,EQ-0034,T-009,2025-09-04,Corrective,Low,Completed,5.38,18.1,295.85,715.0,1010.85
MO-01388,N-01482,EQ-0037,T-001,2024-12-05,Preventive,Medium,Completed,2.64,0.0,145.03,1250.0,1395.03
MO-01389,N-01483,EQ-0017,T-013,2026-04-23,Preventive,Low,Completed,4.14,0.0,227.66,610.0,837.66
MO-01390,N-01484,EQ-0060,T-003,2026-04-02,Preventive,Medium,Completed,1.57,0.0,65.95,1380.0,1445.95
MO-01391,N-01485,EQ-0064,T-019,2026-02-27,Preventive,Medium,Completed,3.52,0.0,193.78,195.0,388.78
MO-01392,N-01486,EQ-0037,T-013,2025-08-26,Corrective,Low,Completed,4.98,9.51,274.13,0.0,274.13
MO-01393,N-01487,EQ-0002,T-015,2025-06-08,Corrective,High,Completed,2.45,10.88,134.7,2050.0,2184.7
MO-01394,N-01488,EQ-0052,T-001,2025-02-08,Preventive,Medium,Completed,3.57,0.0,196.1,640.0,836.1
MO-01395,N-01489,EQ-0099,T-017,2025-04-05,Preventive,Medium,Completed,3.44,0.0,189.41,1415.0,1604.41
MO-01396,N-01490,EQ-0051,T-008,2026-01-30,Corrective,High,Completed,3.59,7.0,197.22,270.0,467.22
MO-01397,N-01491,EQ-0011,T-010,2026-06-24,Corrective,Medium,Open,4.1,8.09,225.48,525.0,750.48
MO-01398,N-01494,EQ-0021,T-008,2024-10-17,Corrective,Medium,Completed,4.71,10.91,259.2,694.0,953.2
MO-01399,N-01495,EQ-0028,T-004,2025-12-23,Preventive,Medium,Completed,6.89,0.0,378.82,0.0,378.82
MO-01400,N-01496,EQ-0055,T-020,2025-03-15,Preventive,Medium,Completed,10.14,0.0,557.92,840.0,1397.92
MO-01401,N-01497,EQ-0049,T-028,2025-09-16,Preventive,Medium,Completed,6.08,0.0,194.49,0.0,194.49
MO-01402,N-01498,EQ-0050,T-030,2024-04-26,Corrective,High,Completed,4.79,15.02,263.26,285.0,548.26
MO-01403,N-01499,EQ-0074,T-010,2025-03-09,Corrective,Medium,Completed,13.02,8.27,716.37,890.0,1606.37
MO-01404,N-01500,EQ-0062,T-006,2026-03-03,Corrective,Medium,Completed,1.01,2.77,32.21,0.0,32.21
